#,Categoría,Producto (español),Modelo,Precio USD,Pedido mínimo,Vendidos,Título original en Alibaba,Enlace,Foto,Ficha técnica
1,Balanceadoras,Balanceadora de ruedas,XP-570C,$600-650,1 set,,Best-selling both at home and abroad XPROMISE China Factory Supply Customized Wheel Balancer with CE Certificate,https://www.alibaba.com/product-detail/Best-selling-both-at-home-and_1601966848367.html,https://s.alicdn.com/@sc04/kf/H1236e08c8c1c4ff9be22d52a46fcd673R/Best-selling-both-at-home-and-abroad.png_480x480.jpg,"Modelo: XP-570C | Marca: XPROMISE | Potencia del motor: 0.25 kW | Alimentación: 110V/220V 50/60Hz | Presión de trabajo: 8-10 bar | Ciclo de balanceo: 8 s | Velocidad de balanceo: 200 rpm | Precisión: ±1 g | Diámetro máx. de rueda: 1000 mm | Diámetro de rin: 10-26"" | Ancho de rin: 1.5-18"" | Peso neto/bruto: 92/114 kg | Medidas de empaque: 950×700×1150 mm | Garantía: 18 meses | Origen: Shandong, China"
2,Balanceadoras,Balanceadora de ruedas,,$350-390,1 set,,Multilingual stability XPROMISE Best Selling Wholesale Durable Car Wheel Balancer for Home Garage For workshop use only,https://www.alibaba.com/product-detail/Multilingual-stability-XPROMISE-Best-Selling-Wholesale_1601966635404.html,https://s.alicdn.com/@sc04/kf/H0f60b1ae54d44eca96fb3acafb0f12230/Multilingual-stability-XPROMISE-Best-Selling-Wholesale-Durable.png_480x480.jpg,
3,Balanceadoras,Balanceadora de ruedas,,$359-399,1 set,,Complete CE Certification Worry-free Exports Auto Repair Equipment Wheel Balancer Hot Deals for Garage,https://www.alibaba.com/product-detail/Complete-CE-Certification-Worry-free-Exports_1601966500982.html,https://s.alicdn.com/@sc04/kf/Hd0ba571f8d584cd4bdef4c9caedd3579j/Complete-CE-Certification-Worry-free-Exports-Auto.png_480x480.jpg,
4,Alineadoras 3D,Alineadora 3D para camión y autobús,XP-A12,"$11,000-11,500",1 set,,"Best-selling Items at the Exhibition, In-demand Inquiries Truck Wheel Alignment Machine Auto Alignment for Sale",https://www.alibaba.com/product-detail/Best-selling-Items-at-the-Exhibition_1601966642206.html,https://s.alicdn.com/@sc04/kf/H35e79c23535e414f9f9139e191e628b3a/Best-selling-Items-at-the-Exhibition-In.jpg_480x480.jpg,"Modelo: XP-A12 | Marca: XPROMISE | Tipo: Alineadora 3D para camión | Potencia: 0.75 kW | Alimentación: 220V/380V | Pantalla: Digital | Función: Seguimiento automático | Idioma: Multi-idioma | Certificación: CE, ISO | Color: Rojo | Aplicación: Taller de llantas | Garantía: 36 meses | Origen: Shandong, China"
5,Alineadoras 3D,Alineadora 3D para camión y autobús,,"$11,000-11,500",1 set,,Best-selling Models Highly Popular Models Truck Wheel Alignment Machine Auto Alignment for Sale,https://www.alibaba.com/product-detail/Best-selling-Models-Highly-Popular-Models_1601966588294.html,https://s.alicdn.com/@sc04/kf/He8a16b2d4c8b47f5bd7d951ccead68bbG/Best-selling-Models-Highly-Popular-Models-Truck.png_480x480.jpg,
6,Alineadoras 3D,Alineadora 3D para camión y autobús,,"$11,000-11,500",1 set,,Widely Popular Excellent Quality Truck and Bus Wheel Alignment Near Me/Heavy Duty Trailer Wheel Alignment Tools,https://www.alibaba.com/product-detail/Widely-Popular-Excellent-Quality-Truck-and_1601966564269.html,https://s.alicdn.com/@sc04/kf/H20e797669e4a4bb9b0e8109ab92ca475X/Widely-Popular-Excellent-Quality-Truck-and-Bus.png_480x480.jpg,
7,Alineadoras 3D,Alineadora 3D para camión y autobús,,"$11,000-11,500",1 set,,Cost-effective and Great Value for Money. High Precise 3D Wheel Alignment with Independent Software for Truck,https://www.alibaba.com/product-detail/Cost-effective-and-Great-Value-for_1601966508513.html,https://s.alicdn.com/@sc04/kf/He4d0cbed3bc84d2f982bffe2521f8a8cF/Cost-effective-and-Great-Value-for-Money.png_480x480.jpg,
8,Simuladores de chasis,Simulador de camino (detector de ruidos de chasis),XP-S4500,"$3,000-3,100",1 set,,"Best-selling Both at Home and Abroad Auto Chassis Road Simulator Shaker Includes Two Shakers, Towers, Force Releasers for Wheel",https://www.alibaba.com/product-detail/Best-selling-Both-at-Home-and_1601965287923.html,https://s.alicdn.com/@sc04/kf/Ha340ecbbecb64806a7f5f5840632b8dcs/Best-selling-Both-at-Home-and-Abroad.png_480x480.jpg,"Modelo: XP-S4500 | Marca: XPROMISE | Capacidad de elevación: 4500 kg | Altura de elevación: 1030 mm | Rango de vibración: 10-20 Hz | Potencia del motor: 2.2 kW | Voltaje: 380V trifásico / 220V monofásico | Control: Regulador micro-cristal | Peso neto: 720 kg | Medidas del equipo: 570×870×1080 mm | Medidas de empaque: 1100×850×800 mm | Color: Rojo | Garantía: 18 meses | Origen: Shandong, China"
9,Simuladores de chasis,Simulador de camino (detector de ruidos de chasis),,"$2,750-2,950",1 set,2,Cost-effective and Great Value for Money Road Chassis Simulator for Cars Suvs 0.01mm Precision,https://www.alibaba.com/product-detail/Cost-effective-and-Great-Value-for_1601424988473.html,https://s.alicdn.com/@sc04/kf/H3b346d46b09a4c0c98e2084ab69ea259u/Cost-effective-and-Great-Value-for-Money.png,
10,Alineadoras 3D,Alineadora 3D para camión y autobús,,"$11,000-11,500",1 set,,Durable Suitable for Overseas Maintenance Scenarios Truck Lifting Equipment Car Aligment Machine 3D Wheel Alignment,https://www.alibaba.com/product-detail/Durable-Suitable-for-Overseas-Maintenance-Scenarios_1601965698947.html,https://s.alicdn.com/@sc04/kf/Ha27499ea41d543c18aa498962c159526J/Durable-Suitable-for-Overseas-Maintenance-Scenarios-Truck.png_480x480.jpg,
11,Alineadoras 3D,Alineadora 3D para camión y autobús,,"$11,000-11,500",1 set,,High Quality Truck Wheel Alignment Machine for Garage Equipment with CE Specifically for Auto Repair Workshops.,https://www.alibaba.com/product-detail/High-Quality-Truck-Wheel-Alignment-Machine_1601965771368.html,https://s.alicdn.com/@sc04/kf/Hd7af2100db3649028006473ac016a1b8u/High-Quality-Truck-Wheel-Alignment-Machine-for.png_480x480.jpg,
12,Alineadoras 3D,Alineadora 3D para camión y autobús,,"$11,000-11,500",1 set,,Commonly Used in Repair Shops. Automotive 3D Truck Wheel Alignment Machine Four Wheel Alignment for Sale,https://www.alibaba.com/product-detail/Commonly-Used-in-Repair-Shops-Automotive_1601965624873.html,https://s.alicdn.com/@sc04/kf/H471443270ada4646af479b0dcb3100d2H/Commonly-Used-in-Repair-Shops-Automotive-3D.png_480x480.jpg,
13,Alineadoras 3D,Alineadora 3D para camión y autobús,,"$11,000-11,500",1 set,,High Quality Truck Wheel Alignment Machine for Garage Equipment with CE Exclusive for the Maintenance Workshop.,https://www.alibaba.com/product-detail/High-Quality-Truck-Wheel-Alignment-Machine_1601965586882.html,https://s.alicdn.com/@sc04/kf/H4d9084255cd34ddd801a0047b626430bp/High-Quality-Truck-Wheel-Alignment-Machine-for.png_480x480.jpg,
14,Simuladores de chasis,Simulador de camino (detector de ruidos de chasis),,"$3,000-3,100",1 set,,Great Value for Money Auto Repair Workshops. Chassis Suspension Abnormal Noise Detector Equipment Road Simulator,https://www.alibaba.com/product-detail/Great-Value-for-Money-Auto-Repair_1601965495816.html,https://s.alicdn.com/@sc04/kf/H60d1e477667c49108b424b23add6ffb3a/Great-Value-for-Money-Auto-Repair-Workshops.png_480x480.jpg,
15,Simuladores de chasis,Simulador de camino (detector de ruidos de chasis),,"$3,000-3,100",1 set,,Durable and Long-lasting XPROMISE Wholesale Price Automobile Abnormal Sound Detection Equipment Chassis Road Simulator,https://www.alibaba.com/product-detail/Durable-and-Long-lasting-XPROMISE-Wholesale_1601965524445.html,https://s.alicdn.com/@sc04/kf/H44007f7035a347b291da220d45fabe679/Durable-and-Long-lasting-XPROMISE-Wholesale-Price.png_480x480.jpg,
16,Simuladores de chasis,Simulador de camino (detector de ruidos de chasis),,"$3,000-3,100",1 set,,Popular Recommendations Wholesale Car Chassis Suspension Rattle Test Equipment Car Shaker Road Simulator,https://www.alibaba.com/product-detail/Popular-Recommendations-Wholesale-Car-Chassis-Suspension_1601965585075.html,https://s.alicdn.com/@sc04/kf/Hd6b423748fb44b40809358d2e001948ff/Popular-Recommendations-Wholesale-Car-Chassis-Suspension-Rattle.jpg_480x480.jpg,
17,Simuladores de chasis,Simulador de camino (detector de ruidos de chasis),,"$3,000-3,100",1 set,,Highly Popular Style Factory Wholesale Price Chassis Road Simulator Machine for Diagnosing Abnormal Noise,https://www.alibaba.com/product-detail/Highly-Popular-Style-Factory-Wholesale-Price_1601225496681.html,https://s.alicdn.com/@sc04/kf/H7fa19774fa734d22840476ff73a34d2d6/Highly-Popular-Style-Factory-Wholesale-Price-Chassis.jpg,
18,Bancadas de enderezado,Bancada de enderezado de chasis,XP-16,"$5,700",1 set,,Best-selling Product with Excellent Reputation Garage Equipment Chassis Straightening Bench Auto Body Frame Straightener,https://www.alibaba.com/product-detail/Best-selling-Product-with-Excellent-ReputationGarage_1601962721307.html,https://s.alicdn.com/@sc04/kf/H375feb710052450f9bca1738dbfc3885v/Best-selling-Product-with-Excellent-ReputationGarage-Equipment.png,"Modelo: XP-16 | Marca: XPROMISE | Capacidad máx. de elevación: 3500 kg | Tensión máx. de la torre: 95 kN | Presión hidráulica máx.: 30-80 MPa | Presión neumática: 0.8 MPa | Largo de plataforma: 5600 mm | Ancho de plataforma: 2200 mm | Altura de plataforma: 320-680 mm | Rango de trabajo de la torre: 360° | Peso: 2000 kg | Garantía: 18 meses | Origen: Shandong, China"
19,Bancadas de enderezado,Bancada de enderezado de chasis,,"$5,700",1 set,,Auto Workshop Equipment Car Body Repair Straightening Bench Car Chassis Straightening Machine Chassis Straightening Machine,https://www.alibaba.com/product-detail/Auto-Workshop-Equipment-Car-Body-Repair_1601961461105.html,https://s.alicdn.com/@sc04/kf/H658f07c8babf493bb3aa3a7ac6bed1d31/Auto-Workshop-Equipment-Car-Body-Repair-Straightening.png_480x480.jpg,
20,Alineadoras 3D,Alineadora 3D,,"$3,400-3,500",1 set,,Precision Assembly Vehicle Repair Equipment 3D Wheel Aligner Auto Wheel Balancer Tire Changer Wheel Alignment,https://www.alibaba.com/product-detail/Precision-Assembly-Vehicle-Repair-Equipment-3D_1601961210498.html,https://s.alicdn.com/@sc04/kf/Hb075167a3eed4061835ca95bc739e17bu/Precision-Assembly-Vehicle-Repair-Equipment-3D-Wheel.png_480x480.jpg,
21,Bancadas de enderezado,Bancada de enderezado de chasis,,"$5,700",1 set,,Hot Sale Chinese Manufacturer Garage Equipment Chassis Straightening Bench Auto Body Frame Straightener Workshop Equipment,https://www.alibaba.com/product-detail/Hot-Sale-Chinese-Manufacturer-Garage-Equipment_1601961090933.html,https://s.alicdn.com/@sc04/kf/H6754cf63066e4621989e089e3ca9fa4d3/Hot-Sale-Chinese-Manufacturer-Garage-Equipment-Chassis.png_480x480.jpg,
22,Bancadas de enderezado,Bancada de enderezado de chasis,,"$5,700",1 set,,New Design Chinese Manufacturer Auto Workshop Equipment Auto Body Frame Straightener Workshop Equipment Auto Body Repair Tool,https://www.alibaba.com/product-detail/New-Design-Chinese-Manufacturer-Auto-Workshop_1601961170487.html,https://s.alicdn.com/@sc04/kf/Hf922ee0be2db446a9a0af2c69d27dfbdS/New-Design-Chinese-Manufacturer-Auto-Workshop-Equipment.png_480x480.jpg,
23,Bancadas de enderezado,Bancada de enderezado de chasis,,"$5,700",1 set,,High Stability and Low Failure Rate Undersale Garage Equipment Chassis Straightening Bench Auto Body Frame Straightener,https://www.alibaba.com/product-detail/High-Stability-and-Low-Failure-Rate_1601961047463.html,https://s.alicdn.com/@sc04/kf/H241dcf1bf54a486b82935ee628d4f07aH/High-Stability-and-Low-Failure-Rate-Undersale.png,
24,Elevadores,Elevador de 2 postes,XP-2-40,"$1,041-1,096",1 set,,Distributor's Top Recommendation Low Failure Rate and Excellent Reputation Fast Delivery Two Post Lift XPROMISE,https://www.alibaba.com/product-detail/Distributor-s-Top-Recommendation-Low-Failure_1601961053046.html,https://s.alicdn.com/@sc04/kf/H0e38f6fcebd240beba24f782d87342bbv/Distributor-s-Top-Recommendation-Low-Failure-Rate.png_480x480.jpg,"Modelo: XP-2-40 | Marca: XPROMISE | Tipo: Elevador de 2 postes | Capacidad: 4 t | Altura de elevación: 1900 mm | Ancho total: 3435 mm | Accionamiento: Hidráulico | Voltaje: 220V/380V 50Hz | Material: Acero | Color: Personalizable | Certificación: CE, ISO | Garantía: 18 meses | Origen: Shandong, China"
25,Bancadas de enderezado,Bancada de enderezado de chasis,,"$5,700",1 set,,Best-Selling Picks Automobile Maintenance Frame Machine Car Body Frame Machine Car Chassis Car Bench,https://www.alibaba.com/product-detail/Best-Selling-Picks-Automobile-Maintenance-Frame_1601960907870.html,https://s.alicdn.com/@sc04/kf/H6cec167d53924640b84df15c3d104d7fu/Best-Selling-Picks-Automobile-Maintenance-Frame-Machine.png_480x480.jpg,
26,Alineadoras 3D,Alineadora 3D,,"$3,050-3,250",1 set,,High-quality Bestsellers Multi-Language 3D Wheel Aligner with Easy Calibration Tools Workshop Equipment Maintenance,https://www.alibaba.com/product-detail/High-quality-Bestsellers-Multi-Language-3D_1601960872953.html,https://s.alicdn.com/@sc04/kf/Hf2757cf4c68f4fae87ceae38bba4c735m/High-quality-Bestsellers-Multi-Language-3D-Wheel.png_480x480.jpg,
27,Alineadoras 3D,Alineadora 3D,XP-A9,"$2,800-2,900",1 set,,High-quality Bestsellers Car Four Wheels Alignment Machine Factory Price 3D Wheel Alignmer with CE & ISO Certificate,https://www.alibaba.com/product-detail/High-quality-Bestsellers-Car-Four-Wheels_1601961010214.html,https://s.alicdn.com/@sc04/kf/Hc62f869bd99e4cf69500b19c386d8d06Y/High-quality-Bestsellers-Car-Four-Wheels-Alignment.jpg_480x480.jpg,"Modelo: XP-A9 | Marca: XPROMISE | Tipo: Alineadora 3D para auto | Alimentación: 220V | Motor: 110V/220V/240V 50/60Hz 250W | Cámara: 640MP | Pantalla: Digital | Función: Seguimiento automático | Material: Aluminio | Idioma: Multi-idioma | Certificación: CE, ISO | Empaque: Caja de madera | Términos de comercio: FOB, CIF, EXW, CFR | Garantía: 18 meses | Origen: Shandong, China"
28,Alineadoras 3D,Alineadora 3D · con elevador de 4 postes,,"$2,950",1 set,,CE Certificated 4 Post Hydraulic Car Park Lift Car Parking and Automatic Car 3D Four Wheel Alignment Equipment Machine,https://www.alibaba.com/product-detail/CE-Certificated-4-Post-Hydraulic-Car_1601960908724.html,https://s.alicdn.com/@sc04/kf/H9591672b4f8946359a898aea322a0ec6h/CE-Certificated-4-Post-Hydraulic-Car-Park.png_480x480.jpg,
29,Tornos de frenos,Torno de frenos (discos y tambores),C9350C,"$3,400-3,500",1 set,,Best-selling Cars Repair Car Brake Disc Lathe Brake Disc Drum Lathe Machine 1.1KW Rotor Diameter 180MM-381MM,https://www.alibaba.com/product-detail/Best-selling-Cars-Repair-Car-Brake_1600833500709.html,https://s.alicdn.com/@sc04/kf/Hee2682dec7494040b60799ea06ce236fm/Best-selling-Cars-Repair-Car-Brake-Disc.png_480x480.jpg,"Modelo: C9350C | Marca: XPROMISE | Tipo: Torno de discos y tambores, automático | Potencia: 1.1 kW | Motor: 110V/220V/380V 50/60Hz | Diámetro de disco: 180-381 mm | Diámetro de tambor: 152-450 mm | Velocidad del husillo: 70 / 88 / 118 rpm | Recorrido del husillo: 175 mm | Peso total: 290 kg | Medidas: 1010×950×1150 mm | Garantía: 12 meses | Origen: Shandong, China"
30,Desmontadoras de llantas,Desmontadora de llantas,XP-313B,$600-750,1 set,2,Widely Popular Industry Bestseller Car Sevice Workshop Tire Changer Tire Repair Car Tyre Remove Changing Machine,https://www.alibaba.com/product-detail/Widely-Popular-Industry-Bestseller-Car-Sevice_1601195810972.html,https://s.alicdn.com/@sc04/kf/H31c3f5a8424243d6a105c3d1da30efccA/Widely-Popular-Industry-Bestseller-Car-Sevice-Workshop.png,"Modelo: XP-313B | Marca: XPROMISE | Tipo: Desmontadora de llantas | Sujeción exterior: 10""-20"" | Sujeción interior: 12""-22"" | Diámetro máx. de llanta: 1000 mm | Potencia: 0.75 kW / 1.1 kW | Alimentación: 110V/220V/380V 50/60Hz | Presión de trabajo: 8-10 bar | Peso: 184 kg | Color: Rojo / azul | Garantía: 24 meses | Origen: Shandong, China"
31,Alineadoras 3D,Alineadora 3D,,"$2,700-2,800",1 set,,Highly Popular Style Advanced 3D Wheel Alignment System Precision Car Wheel Alignment Machine for Sale,https://www.alibaba.com/product-detail/Highly-Popular-Style-Advanced-3D-Wheel_1601391745151.html,https://s.alicdn.com/@sc04/kf/H020a700d4f0b48309342a45108c75e885/Highly-Popular-Style-Advanced-3D-Wheel-Alignment.png,
32,Desmontadoras de llantas,Desmontadora de llantas · manual,,$488-540,1 set,,Best-selling Product with Excellent Reputation Tyre Changer Machine Tire Changer Tyre Machine for Auto Repair with Manual Locking,https://www.alibaba.com/product-detail/Best-selling-Product-with-Excellent-ReputationTyre_1601427927552.html,https://s.alicdn.com/@sc04/kf/H85fed4e972c343caa8090c94a8c6d354l/Best-selling-Product-with-Excellent-ReputationTyre-Changer.png,
33,Alineadoras 3D,Alineadora 3D,,"$2,950-2,960",1 set,3,Best-selling Selections Market Favorites New Design 3D Wheel Aligner 4 Wheel Alignment Machine for Garage,https://www.alibaba.com/product-detail/Best-selling-Selections-Market-Favorites-New_1601201897570.html,https://s.alicdn.com/@sc04/kf/Hdd33b0ef4c1848d883dc4b6bac5a94acj/Best-selling-Selections-Market-Favorites-New-Design.png,
34,Desmontadoras de llantas,Desmontadora de llantas,,$708-745,1 set,,Industry Bestseller Tyre Changer Machine Auto Tool Changer Tyre Changer Machine and Wheel Balancer Combo,https://www.alibaba.com/product-detail/Industry-Bestseller-Tyre-Changer-Machine-Auto_1601960255196.html,https://s.alicdn.com/@sc04/kf/H75e9959f8393424aabe379348d5979cbA/Industry-Bestseller-Tyre-Changer-Machine-Auto-Tool.png,
35,Desmontadoras de llantas,Desmontadora de llantas,,$613-645,1 set,,High Quality Wheel Repair Machine Tire Fitting Machine Tyre Changing Equipment Auto Workshop Equipment,https://www.alibaba.com/product-detail/High-Quality-Wheel-Repair-Machine-Tire_1601960174745.html,https://s.alicdn.com/@sc04/kf/H154231524d6448f9bbb1ea301f186890S/High-Quality-Wheel-Repair-Machine-Tire-Fitting.png_480x480.jpg,
36,Balanceadoras,Balanceadora de ruedas,,$532-560,1 set,1,Widely Popular Car Workshop Equipment Wheel Balance Weight Wheel Balancing Machine Price Vehicle Wheel Balancer,https://www.alibaba.com/product-detail/Widely-Popular-Car-Workshop-Equipment-Wheel_1601960059928.html,https://s.alicdn.com/@sc04/kf/Hf98c2f45777e499783c653c59ed747c6B/Widely-Popular-Car-Workshop-Equipment-Wheel-Balance.png_480x480.jpg,
37,Balanceadoras,Balanceadora de ruedas,,"$1,140-1,200",1 set,1,Durable Automotive Repair Equipment and Tools Wheel Balancers Digital Wheel Balancers Made in China,https://www.alibaba.com/product-detail/Durable-Automotive-Repair-Equipment-and-Tools_1601960036986.html,https://s.alicdn.com/@sc04/kf/Hd6580a5f232a45e18843c1da4d4ed25c4/Durable-Automotive-Repair-Equipment-and-Tools-Wheel.png,
38,Desmontadoras de llantas,Desmontadora de llantas,,$451-475,1 set,1,High Quality Tyre Changer Machine and Wheel Balancer Combo Wheel Balancing Machine Price Auto Repair Workshop,https://www.alibaba.com/product-detail/High-Quality-Tyre-Changer-Machine-and_1601960079465.html,https://s.alicdn.com/@sc04/kf/H83bb23c801f44beeab71e72a998b72bbB/High-Quality-Tyre-Changer-Machine-and-Wheel.png_480x480.jpg,
39,Balanceadoras,Balanceadora de ruedas para camión y auto,XP-514S,"$2,470-2,600",1 set,,Best-selling in the Market XPROMISE Truck Wheel Balancer Machine Equipment Price Truck Tire Balancer Digital Wheel Balancer,https://www.alibaba.com/product-detail/Best-selling-in-the-Market-XPROMISE_1601960012898.html,https://s.alicdn.com/@sc04/kf/Hbab763e298284d3fa9e1baa6c8bf5431K/Best-selling-in-the-Market-XPROMISE-Truck.png,"Modelo: XP-514S | Marca: XPROMISE | Tipo: Balanceadora para camión y auto | Peso máx. de rueda: 160 kg | Potencia del motor: 550 W | Alimentación: 110V/220V | Precisión: Auto ±2 g / Camión ±10 g | Velocidad de balanceo: Auto 220 rpm / Camión 80 rpm | Ciclo de balanceo: Auto 10 s / Camión 20 s | Diámetro de rin: 10""-25"" | Distancia trasera: <348 mm | Presión de trabajo: 8-10 bar | Peso neto de la máquina: 170 kg | Peso del elevador de rueda: 53 kg | Garantía: 18 meses | Origen: Shandong, China"
40,Alineadoras 3D,Alineadora 3D,,"$2,500-3,000",1 set,,Great Value for Money Automotive Wheel Alignment Camera with Adjustable Vertical Movement Ideal for Repair Workshops,https://www.alibaba.com/product-detail/Great-Value-for-Money-Automotive-Wheel_1601960034579.html,https://s.alicdn.com/@sc04/kf/Hba41e8f40a3e4db7ae78bfcaf82800179/Great-Value-for-Money-Automotive-Wheel-Alignment.png_480x480.jpg,
41,Alineadoras 3D,Alineadora 3D · doble pantalla,XP-A7,"$3,050-3,250",1 set,,"Outstanding Performance 3D Four-Wheel Alignment Machine Garage Maintenance 32"" LCD Two Screen with Mobile Cabinet A7",https://www.alibaba.com/product-detail/Outstanding-Performance-3D-Four-Wheel-Alignment_1601960101006.html,https://s.alicdn.com/@sc04/kf/H7f4cb07d43e6445cb860a8a8bfadcdb5H/Outstanding-Performance-3D-Four-Wheel-Alignment-Machine.png_480x480.jpg,"Modelo: XP-A7 | Marca: XPROMISE | Tipo: Alineadora 3D, gabinete móvil, 2 pantallas LCD 32"" | Cámara: 6.4 megapíxeles | Computadora: Dell | Software: Windows 10 | Alimentación: 110V/220V/380V | Idioma: Multi-idioma | Certificación: CE, ISO | Color: Rojo / azul | Empaque: Caja de triplay | Garantía: 24 meses | Origen: Shandong, China"
42,Balanceadoras,Balanceadora de ruedas,,$532-560,1 set,1,Widely popular Cheap Price Air Balancer Wheel Balancer Garage Equipments Digital Wheel Balancer With CE,https://www.alibaba.com/product-detail/Widely-popular-Cheap-Price-Air-Balancer_1601959807148.html,https://s.alicdn.com/@sc04/kf/Ha42c268af02747eb80092a96fa9e514fw/Widely-popular-Cheap-Price-Air-Balancer-Wheel.png,
43,Balanceadoras,Balanceadora de ruedas,,$523-550,1 set,1,Widely Popular Wheel Balancing Machine Workshop Tools and Equipment Prices Tire Repair Equipment Wheel Balancer.,https://www.alibaba.com/product-detail/Widely-Popular-Wheel-Balancing-Machine-Workshop_1601959760336.html,https://s.alicdn.com/@sc04/kf/Hca6b90a6a6ea41dca90049e100eff7b2h/Widely-Popular-Wheel-Balancing-Machine-Workshop-Tools.png,
44,Bancadas de enderezado,Bancada de enderezado de chasis,,"$5,700",1 set,,Hot Sale Chinese Manufacturer Garage Equipment Chassis Straightening Bench Auto Body Frame Straightener Workshop Equipment,https://www.alibaba.com/product-detail/Hot-Sale-Chinese-Manufacturer-Garage-Equipment_1601959099576.html,https://s.alicdn.com/@sc04/kf/Hf8629a0a7d804eca876ff15eb17fcf85U/Hot-Sale-Chinese-Manufacturer-Garage-Equipment-Chassis.png_480x480.jpg,
45,Elevadores,Elevador de 2 postes · con placa base,,"$1,041-1,096",1 set,,Procurement of High Frequency Models XPROMISE Fast Delivery Two Post Hydraulic Floor Plate Car Lift for Sale,https://www.alibaba.com/product-detail/Procurement-of-High-Frequency-Models-XPROMISE_1601959001826.html,https://s.alicdn.com/@sc04/kf/Hb17ce4715063470c98f57a49239d7635o/Procurement-of-High-Frequency-Models-XPROMISE-Fast.png_480x480.jpg,
46,Bancadas de enderezado,Bancada de enderezado de chasis,,"$5,700",1 set,,Widely Recommended Within the Industry Automobile Maintenance Frame Machine Car Body Frame Machine Car Chassis Car Bench,https://www.alibaba.com/product-detail/Widely-Recommended-Within-the-Industry-Automobile_1601958937762.html,https://s.alicdn.com/@sc04/kf/H6baf6e8f5a954c25a623b16b1ea09667j/Widely-Recommended-Within-the-Industry-Automobile-Maintenance.png,
47,Bancadas de enderezado,Bancada de enderezado de chasis,,"$5,700",1 set,,Procurement of High-frequency Models Undersale Garage Equipment Chassis Straightening Bench Auto Body Frame Straightener,https://www.alibaba.com/product-detail/Procurement-of-High-frequency-Models-Undersale_1601958896827.html,https://s.alicdn.com/@sc04/kf/H179908be38364697bd30afec7c5bf2ech/Procurement-of-High-frequency-Models-Undersale-Garage.png_480x480.jpg,
48,Balanceadoras,Balanceadora de ruedas,,$532-560,1 set,1,Complete CE Certification Cheap Price Air Balancer Wheel Balancer Garage Equipments Digital Wheel Balancer With CE,https://www.alibaba.com/product-detail/Complete-CE-Certification-Cheap-Price-Air_1601958894709.html,https://s.alicdn.com/@sc04/kf/He0ac91c4799a4d9c9fc9af434a5ae4884/Complete-CE-Certification-Cheap-Price-Air-Balancer.png_480x480.jpg,
49,Balanceadoras,Balanceadora de ruedas,,$532-560,1 set,,Direct Supply From the Factory Car Workshop Equipment Wheel Balance Weight Wheel Balancing Machine Price Vehicle Wheel Balancer,https://www.alibaba.com/product-detail/Direct-Supply-From-the-Factory-Car_1601958846745.html,https://s.alicdn.com/@sc04/kf/H13bab8b08e214904842440fd423bc5d0I/Direct-Supply-From-the-Factory-Car-Workshop.png_480x480.jpg,
50,Desmontadoras de llantas,Desmontadora de llantas,,$451-475,1 set,,Client cases span multiple countries High Quality Tyre Changer Machine and Wheel Balancer Combo Wheel Balancing Machine Price,https://www.alibaba.com/product-detail/Client-cases-span-multiple-countries-High_1601958813698.html,https://s.alicdn.com/@sc04/kf/Hb22f7064f50c46e696db3adfe1c68be56/Client-cases-span-multiple-countries-High-Quality.png_480x480.jpg,
51,Balanceadoras,Balanceadora de ruedas · con láser,,$387-427,1 set,1,Procurement of High-frequency Models XPROMISE Private Label Laser Positioning Advanced Interactive Touch Sensing Wheel Balancer,https://www.alibaba.com/product-detail/Procurement-of-High-frequency-Models-XPROMISE_1601958741395.html,https://s.alicdn.com/@sc04/kf/Hb5e206b47a374a80a131d0fafdfb0f5cG/Procurement-of-High-frequency-Models-XPROMISE-Private.png_480x480.jpg,
52,Desmontadoras de llantas,Desmontadora de llantas · brazo oscilante,,$666-706,1 set,,Selected for Professional Workshops Auto Repair Equipment Touchless/Swing Arm Tire Changer Hot Deals for Car Service Shop,https://www.alibaba.com/product-detail/Selected-for-Professional-Workshops-Auto-Repair_1601958653545.html,https://s.alicdn.com/@sc04/kf/Hda3ee94d547743dba4083a1598a15450p/Selected-for-Professional-Workshops-Auto-Repair-Equipment.png_480x480.jpg,
53,Cabinas de pintura,Cabina de pintura · para autobús,,"$13,350-13,771",1 set,,Sufficient Orders CE Approved New Design Middle Bus Booth Car Spray Paint Room Auto Painting Machine for Sale,https://www.alibaba.com/product-detail/Sufficient-Orders-CE-Approved-New-Design_1601958619625.html,https://s.alicdn.com/@sc04/kf/H5f0b7a763b13467a942c729f5b5652b11/Sufficient-Orders-CE-Approved-New-Design-Middle.png_480x480.jpg,
54,Balanceadoras,Balanceadora de ruedas,,$532-560,1 set,,Standard configuration for overseas stores Wheel Balance Weight Wheel Balancing Machine Price Vehicle Wheel Balancer for Sale,https://www.alibaba.com/product-detail/Standard-configuration-for-overseas-stores-Wheel_1601958644301.html,https://s.alicdn.com/@sc04/kf/H1d3cb0ac78ac462ab91735badbada0861/Standard-configuration-for-overseas-stores-Wheel-Balance.png_480x480.jpg,
55,Balanceadoras,Balanceadora de ruedas para camión y auto,,"$2,470-2,600",1 set,,Best-selling in the Market Truck Wheel Balancer Machine Equipment Price Truck Tire Balancer Digital Wheel Balancer,https://www.alibaba.com/product-detail/Best-selling-in-the-Market-Truck_1601958568862.html,https://s.alicdn.com/@sc04/kf/Hdafacce46f2847c0a26a0e533aec1ad7L/Best-selling-in-the-Market-Truck-Wheel.png_480x480.jpg,
56,Desmontadoras de llantas,Desmontadora de llantas,,$613-645,1 set,,Factory Price High Quality Wheel Repair Machine Tire Fitting Machine Tyre Changing Equipment Auto Workshop Equipment,https://www.alibaba.com/product-detail/Factory-Price-High-Quality-Wheel-Repair_1601958630279.html,https://s.alicdn.com/@sc04/kf/H6d6bcc8c0d6848c1a12d786f1bada4b7w/Factory-Price-High-Quality-Wheel-Repair-Machine.png_480x480.jpg,
57,Alineadoras 3D,Alineadora 3D,,"$2,500-3,000",1 set,,Auto Shop Repair Garage Tire Maintenance Car Wheel Alignment Wheel Balancing Tyre Balancer Equipment Price,https://www.alibaba.com/product-detail/Auto-Shop-Repair-Garage-Tire-Maintenance_1601958556803.html,https://s.alicdn.com/@sc04/kf/H44cd01ca678d42af848b72080c60acc6U/Auto-Shop-Repair-Garage-Tire-Maintenance-Car.png_480x480.jpg,
58,Alineadoras 3D,Alineadora 3D · doble pantalla,A7,"$3,050-3,250",1 set,,"Popular Recommendations 3D Four-Wheel Alignment Machine Garage Maintenance 32"" LCD Two Screen with Mobile Cabinet A7",https://www.alibaba.com/product-detail/Popular-Recommendations-3D-Four-Wheel-Alignment_1601958520951.html,https://s.alicdn.com/@sc04/kf/H403595fbf4644b95b531989ba55ae58dO/Popular-Recommendations-3D-Four-Wheel-Alignment-Machine.png_480x480.jpg,
59,Desmontadoras de llantas,Desmontadora de llantas,,$451-475,1 set,,High Quality Tyre Changer Machine and Wheel Balancer Combo Wheel Balancing Machine Price Wheel maintenance,https://www.alibaba.com/product-detail/High-Quality-Tyre-Changer-Machine-and_1601958517883.html,https://s.alicdn.com/@sc04/kf/H055fbff4a26f4990994963a0727dccb0o/High-Quality-Tyre-Changer-Machine-and-Wheel.png_480x480.jpg,
60,Balanceadoras,Balanceadora de ruedas,,"$1,140-1,200",1 set,,Budget-friendly Ideal for Small and Medium-sized Repair Shops Automotive Maintenance Equipment and Tools Wheel Balancers,https://www.alibaba.com/product-detail/Budget-friendly-Ideal-for-Small-and_1601958001493.html,https://s.alicdn.com/@sc04/kf/H5bd219d6415c4191a4906b845b05f345U/Budget-friendly-Ideal-for-Small-and-Medium.png_480x480.jpg,
61,Balanceadoras,Balanceadora de ruedas · semiautomática,,$465-565,1 set,,Hot and Popular Items Garage Equipment Tire Service Machine Semi-automatic Wheel Balancer Tire Balancing Machine,https://www.alibaba.com/product-detail/Hot-and-Popular-Items-Garage-Equipment_1601958052126.html,https://s.alicdn.com/@sc04/kf/Hab7422b3b2944a7d935b1ff1172cc81cS/Hot-and-Popular-Items-Garage-Equipment-Tire.png_480x480.jpg,
62,Balanceadoras,Balanceadora de ruedas,,$523-550,1 set,,Highly Popular Styles Wheel Balancing Machine Workshop Tools and Equipment Wheel Balance Max Wheel Weight 70kg,https://www.alibaba.com/product-detail/Highly-Popular-Styles-Wheel-Balancing-Machine_1601957879189.html,https://s.alicdn.com/@sc04/kf/Hfc5a4afe62c74c989d1c6782503a7e66w/Highly-Popular-Styles-Wheel-Balancing-Machine-Workshop.png_480x480.jpg,
63,Elevadores,Elevador de tijera · media altura,XP-8227,"$1,280-1,350",1 piece,,High Precision and Stability Durable Over Time XPROMISE Factory Supply Mid Rise Hydraulic Scissor Car Lift for Sale,https://www.alibaba.com/product-detail/High-Precision-and-Stability-Durable-Over_1601957653472.html,https://s.alicdn.com/@sc04/kf/H1c8365393a944c72b9bd55407755a9f2c/High-Precision-and-Stability-Durable-Over-Time.png_480x480.jpg,"Modelo: XP-8227 | Marca: XPROMISE | Tipo: Elevador de tijera media altura, 1 cilindro hidráulico | Capacidad: 3 t | Altura máx. de elevación: 1000 mm | Altura mínima: 110 mm | Tiempo de elevación: 50 s | Largo de plataforma: 1400 mm | Motor: 2.2 kW (380V o 220V) | Presión de aceite nominal: 18 MPa | Presión de aire: 0.6-0.8 MPa | Peso: 580 kg | OEM: Sí | Garantía: 24 meses | Origen: Shandong, China"
64,Alineadoras 3D,Alineadora 3D · doble pantalla,,"$2,800-2,900",1 set,,In-stock Supply 3D Car Wheel Aligner Machine with Two Monitors Garage Equipment Auto Wheel Alignment Machine,https://www.alibaba.com/product-detail/In-stock-Supply-3D-Car-Wheel_1601957718998.html,https://s.alicdn.com/@sc04/kf/H37e76110af744e3786b7807b865f2269B/In-stock-Supply-3D-Car-Wheel-Aligner.png_480x480.jpg,
65,Balanceadoras,Balanceadora de ruedas,,$700-743,1 set,,Hot Sale Pneumatic Backward Tilting Column Hydraulic Wheel Balancer Touchless/Swing Arm Tire Changer,https://www.alibaba.com/product-detail/Hot-Sale-Pneumatic-Backward-Tilting-Column_1601957814366.html,https://s.alicdn.com/@sc04/kf/H9e551059a32a47c788458064146e24e3W/Hot-Sale-Pneumatic-Backward-Tilting-Column-Hydraulic.png_480x480.jpg,
66,Balanceadoras,Balanceadora de ruedas para camión y auto,,$350-390,1 set,,Stable with Low Failure Rates Wheel Alignment Truck Wheels Universal Truck Wheels Universal Motors Balancer,https://www.alibaba.com/product-detail/Stable-with-Low-Failure-Rates-Wheel_1601957782168.html,https://s.alicdn.com/@sc04/kf/Hef96d9b18eee4e649df0c9cf3c3cb07ac/Stable-with-Low-Failure-Rates-Wheel-Alignment.png_480x480.jpg,
67,Desmontadoras de llantas,Desmontadora de llantas · brazo oscilante,,$666-706,1 set,,High-precision positioning Auto Repair Equipment Touchless/Swing Arm Tire Changer Hot Deals for Car Service Shop,https://www.alibaba.com/product-detail/High-precision-positioning-Auto-Repair-Equipment_1601957695335.html,https://s.alicdn.com/@sc04/kf/H1392de4822834445bcbc5c4ec4a469a8v/High-precision-positioning-Auto-Repair-Equipment-Touchless.png_480x480.jpg,
68,Balanceadoras,Balanceadora de ruedas,,$350-390,1 set,,"High Precision and Stability Durable and Long-lasting OEM Auto Shop High Speed Car Tyre Wheel Balancing Machine 10"" -26""",https://www.alibaba.com/product-detail/High-Precision-and-Stability-Durable-and_1601957654527.html,https://s.alicdn.com/@sc04/kf/H4f9808e6f3ad4118b361ce2c152b4e69x/High-Precision-and-Stability-Durable-and-Long.png_480x480.jpg,
69,Balanceadoras,Balanceadora de ruedas,,$916-956,1 set,,Exquisite Craftsmanship Hot Sale CE Approved Wheel Balancer for Car with Good Quality 0.25KW Power,https://www.alibaba.com/product-detail/Exquisite-Craftsmanship-Hot-Sale-CE-Approved_1601957652505.html,https://s.alicdn.com/@sc04/kf/He09dc0772c89431aa79c5fedfe6f95ebY/Exquisite-Craftsmanship-Hot-Sale-CE-Approved-Wheel.png_480x480.jpg,
70,Desmontadoras de llantas,Desmontadora de llantas · automática,,"$1,600-1,700",1 set,,China Manufacturers Economical and Practical Type Automatic Tire Changer Machine for Garage Tire Shops With CE,https://www.alibaba.com/product-detail/China-Manufacturers-Economical-and-Practical-Type_1601956211362.html,https://s.alicdn.com/@sc04/kf/H4c88df5005134543ae19b0144c0d31b9o/China-Manufacturers-Economical-and-Practical-Type-Automatic.png_480x480.jpg,
71,Alineadoras 3D,Alineadora 3D,,"$3,050-3,250",1 set,,"Best-rated Bestsellers, Top-selling Models 3d Car Alignment System Automotive Equipment for Garage Shop",https://www.alibaba.com/product-detail/Best-rated-Bestsellers-Top-selling-Models_1601956071474.html,https://s.alicdn.com/@sc04/kf/H3744a1c5b5f24a0da569d2071e190b17l/Best-rated-Bestsellers-Top-selling-Models-3d.png_480x480.jpg,
72,Balanceadoras,Balanceadora de ruedas,,"$1,250",1 set,,Stable with Low Failure Rate Wheel Balancer Machine Garage Equipment Tire Repair Machine 1200mm 0.55kw,https://www.alibaba.com/product-detail/Stable-with-Low-Failure-Rate-Wheel_1601955894912.html,https://s.alicdn.com/@sc04/kf/H4804dd8c06c542b1998b36b9335754c5I/Stable-with-Low-Failure-Rate-Wheel-Balancer.png_480x480.jpg,
73,Desmontadoras de llantas,Desmontadora de llantas,XP233PRO,"$1,715-1,815",1 set,,Customized Cheap Price Tire Changer Workshop Tools Auto Workshop Equipment Workshop Equipment Tire Repair Machine,https://www.alibaba.com/product-detail/Customized-Cheap-Price-Tire-Changer-Workshop_1601955907718.html,https://s.alicdn.com/@sc04/kf/H52952803ec254e1ab83cf6ea7fab15a81/Customized-Cheap-Price-Tire-Changer-Workshop-Tools.png_480x480.jpg,"Modelo: XP233PRO | Marca: XPROMISE | Tipo: Desmontadora automática | Sujeción exterior: 11-24"" | Sujeción interior: 13-26"" | Ancho máx. de rueda: 350 mm | Diámetro máx. de rueda: 1080 mm | Fuerza del destalonador: 2500-3000 kgf | Presión de aire: 8-10 bar | Voltaje: 110/220/380V | Peso neto/bruto: 430/460 kg | Medidas de empaque: 115×92×190 cm | Garantía: 24 meses | Origen: Shandong, China"
74,Alineadoras 3D,Alineadora 3D,,"$2,950",1 set,,Best-selling product with excellent reputation XPROMISE Free Upgrade Technology Wheel Alignment for Home Garage,https://www.alibaba.com/product-detail/Best-selling-product-with-excellent-reputationXPROMISE_1601955923552.html,https://s.alicdn.com/@sc04/kf/H044f0e7e8cc1418e8dfe12d28b267e8dE/Best-selling-product-with-excellent-reputationXPROMISE-Free.jpg_480x480.jpg,
75,Balanceadoras,Balanceadora de ruedas · semiautomática,,$465-565,1 set,,Garage Equipments Tire Service Machine Semi-Automatic Wheel Balancer Tyre Balancing Machine Tyre Balancing,https://www.alibaba.com/product-detail/Garage-Equipments-Tire-Service-Machine-Semi_1601955600943.html,https://s.alicdn.com/@sc04/kf/Hf095d4c7b4cd4947977a3d1d01387bf4q/Garage-Equipments-Tire-Service-Machine-Semi-Automatic.jpg_480x480.jpg,
76,Desmontadoras de llantas,Desmontadora de llantas · automática,,$600-750,1 set,,Widely Popular Highly Acclaimed Bestseller. Automatic Tyre Changer Machine Tire Changer Wheel Balancer with CE,https://www.alibaba.com/product-detail/Widely-Popular-Highly-Acclaimed-Bestseller-Automatic_1601955606824.html,https://s.alicdn.com/@sc04/kf/H158abef16db64f2aac6d9ca7b3554f6aj/Widely-Popular-Highly-Acclaimed-Bestseller-Automatic-Tyre.png_480x480.jpg,
77,Desmontadoras de llantas,Desmontadora de llantas · automática,,"$1,480-1,580",1 set,,High Quality Fully Automatic Tire Changer Machine Unite Tire Changer for Car Auto Repair Tool Tire Changing Machine,https://www.alibaba.com/product-detail/High-Quality-Fully-Automatic-Tire-Changer_1601954934571.html,https://s.alicdn.com/@sc04/kf/H74d21f0c00994dacbe89af1ee21a9db5a/High-Quality-Fully-Automatic-Tire-Changer-Machine.png_480x480.jpg,
78,Desmontadoras de llantas,Desmontadora de llantas · automática,,"$1,715-1,815",1 set,,High Quality and Low Price Tire Changers Machine Automatic Tire Changer Tire Changer and Balancer Combo for Garage Equipment,https://www.alibaba.com/product-detail/High-Quality-and-Low-Price-Tire_1601954934295.html,https://s.alicdn.com/@sc04/kf/H536a7a1623e146ffb535e1b4c0eb7575c/High-Quality-and-Low-Price-Tire-Changers.jpg_480x480.jpg,
79,Balanceadoras,Balanceadora de ruedas,,$359-399,1 set,,Customers praise the excellent after-sales service XPROMISE Best Seller Wholesale Wheel Balancer Machine with CE Certificate,https://www.alibaba.com/product-detail/Customers-praise-the-excellent-after-sales_1601954744998.html,https://s.alicdn.com/@sc04/kf/H4022d1005b504730bae73afd7faa517dW/Customers-praise-the-excellent-after-sales-service.png_480x480.jpg,
80,Elevadores,"Elevador de 4 postes · para alineación, 4 t",XP-7640,"$2,200-2,300",1 set,,Globally Best-selling Prominently Promoted Overseas. 4t Garage Service Equipment of Alignment 4 Post Car Lift,https://www.alibaba.com/product-detail/Globally-Best-selling-Prominently-Promoted-Overseas_1601954812202.html,https://s.alicdn.com/@sc04/kf/H7a6411ca1fc94730b4bf1d72bb58652bS/Globally-Best-selling-Prominently-Promoted-Overseas-4t.png_480x480.jpg,"Modelo: XP-7640 | Marca: XPROMISE | Tipo: Elevador de 4 postes para alineación | Capacidad: 4000 kg | Altura de elevación: Principal 1800 mm / gato 350 mm | Tiempo de elevación: 50-60 s | Largo de plataforma: 4200 mm | Motor: 2.2 kW (380V o 220V) | Presión de aire: 0.6-0.8 MPa | Presión de aceite nominal: 18 MPa | Accionamiento: Hidráulico | Garantía: 24 meses | Origen: Shandong, China"
81,Desmontadoras de llantas,Desmontadora de llantas · automática,,"$1,715-1,815",1 set,,High Quality and Low Price Tire Changers Machine Automatic Tire Changer Tire Changer and Balancer Combo for Garage Equipment,https://www.alibaba.com/product-detail/High-Quality-and-Low-Price-Tire_1601954783147.html,https://s.alicdn.com/@sc04/kf/H24b71834e29140deb75780d169a0a46aL/High-Quality-and-Low-Price-Tire-Changers.jpg_480x480.jpg,
82,Simuladores de chasis,Simulador de camino (detector de ruidos de chasis),,"$3,000-3,100",1 set,,Factory Wholesale Price Automobile Abnormal Sound Detection Equipment Chassis Road Simulator,https://www.alibaba.com/product-detail/Factory-Wholesale-Price-Automobile-Abnormal-Sound_1601954699246.html,https://s.alicdn.com/@sc04/kf/Hb16f43c1d0374932942adfccf3e517d15/Factory-Wholesale-Price-Automobile-Abnormal-Sound-Detection.png_480x480.jpg,
83,Desmontadoras de llantas,Desmontadora de llantas,,"$1,715-1,815",1 set,,Best-selling and Popular Top Recommendations in the Market Tyre Changer Specialized for Automotive Repairs,https://www.alibaba.com/product-detail/Best-selling-and-Popular-Top-Recommendations_1601954527530.html,https://s.alicdn.com/@sc04/kf/Hfbbbd89c24ca4a2f9dd874c0571237edm/Best-selling-and-Popular-Top-Recommendations-in.png_480x480.jpg,
84,Desmontadoras de llantas,Desmontadora de llantas · manual,,$500-557,1 unit,,Best-selling Selections Market Favorites Manual Tire Changer Machine to Tire Changer for Garage Equipment Work Shop,https://www.alibaba.com/product-detail/Best-selling-Selections-Market-Favorites-Manual_1601954454908.html,https://s.alicdn.com/@sc04/kf/H2c79271ea2b24c7aa2308aa9bc4421e71/Best-selling-Selections-Market-Favorites-Manual-Tire.jpg_480x480.jpg,
85,Desmontadoras de llantas,Desmontadora de llantas · manual,,$500-557,1 unit,,Best-selling selections market favorites Manual Tire Changer Machine to Tire Changer for Garage Equipment Work Shop,https://www.alibaba.com/product-detail/Best-selling-selections-market-favorites-Manual_1600586763214.html,https://s.alicdn.com/@sc04/kf/H5e868629281844538da3d06383b3914eY/Best-selling-selections-market-favorites-Manual-Tire.png,
86,Alineadoras 3D,Alineadora 3D,,"$2,800-2,900",1 set,,Exquisite Craftsmanship and Outstanding Performance 3D Wheel Alignment Specialized for Vehicle Repairs.,https://www.alibaba.com/product-detail/Exquisite-Craftsmanship-and-Outstanding-Performance-3D_1601105427582.html,https://s.alicdn.com/@sc04/kf/H3c3a94d88a084ac4b1e507f8a302eb62U/Exquisite-Craftsmanship-and-Outstanding-Performance-3D-Wheel.png,
87,Alineadoras 3D,Alineadora 3D,,"$2,800-2,900",1 set,,"A Highly Popular Model, Best-selling Both at Home and Abroad Ce Repair Shop 3d Wheel Alignment Machine",https://www.alibaba.com/product-detail/A-Highly-Popular-Model-Best-selling_1601954520267.html,https://s.alicdn.com/@sc04/kf/Hf621e8f545794c81aff09bb977313a227/A-Highly-Popular-Model-Best-selling-Both.jpg_480x480.jpg,
88,Alineadoras 3D,Alineadora 3D,,"$2,800-2,900",1 set,,High Precision and Stability 3D Wheel Alignment Machine Car Wheel Aligner Fully Automatic Four Wheel Alignment Machine,https://www.alibaba.com/product-detail/High-Precision-and-Stability3D-Wheel-Alignment_1601401280322.html,https://s.alicdn.com/@sc04/kf/H11f356dd7ae04653bece95e98db662e7h/High-Precision-and-Stability3D-Wheel-Alignment-Machine.png,
89,Elevadores,Elevador de tijera,,"$1,280-1,350",1 piece,,Cost-effective XPROMISE Factory-direct Sale of Center-mounted Hydraulic Scissor-type Car Lifters for Sale.,https://www.alibaba.com/product-detail/Cost-effective-XPROMISE-Factory-direct-Sale_1601953691771.html,https://s.alicdn.com/@sc04/kf/H7424970a1ec84b1dae86bba1acaf691el/Cost-effective-XPROMISE-Factory-direct-Sale-of.png,
90,Balanceadoras,Balanceadora de ruedas para camión y auto,,"$1,613-1,698",1 set,,Precision Assembly Electronic Motorised Digital Heavy Duty Car Truck Wheel Balancer Machine for Sale/Vehicle Maintenance,https://www.alibaba.com/product-detail/Precision-Assembly-Electronic-Motorised-Digital-Heavy_1600444529681.html,https://s.alicdn.com/@sc04/kf/Hcf13a80c0b944898aa08d9ffc8707fa05/Precision-Assembly-Electronic-Motorised-Digital-Heavy-Duty.png,
91,Balanceadoras,Balanceadora de ruedas para camión y auto,,"$1,613-1,698",1 set,,Highly popular style Electronic Motorised Digital Heavy Duty Car Truck Wheel Balancer Machine for Sale,https://www.alibaba.com/product-detail/Highly-popular-style-Electronic-Motorised-Digital_1601953597999.html,https://s.alicdn.com/@sc04/kf/Hf66124d540a04681b2f1195e84504affL/Highly-popular-style-Electronic-Motorised-Digital-Heavy.png_480x480.jpg,
92,Alineadoras 3D,Alineadora 3D · doble pantalla,,"$2,850-2,950",1 set,,Exquisite Craftsmanship High Quality 3D Car Wheel Alignment with Double Screen XP-A9,https://www.alibaba.com/product-detail/Exquisite-Craftsmanship-High-Quality-3D-Car_1601953519975.html,https://s.alicdn.com/@sc04/kf/H32f242b6125640e6b3c62f2be87c4d8cc/Exquisite-Craftsmanship-High-Quality-3D-Car-Wheel.png_480x480.jpg,
93,Elevadores,"Elevador de 4 postes · para alineación, 4 t",,"$2,200-2,300",1 set,,Positive Reviews From Actual Customers/4t Garage Service Equipment of Alignment 4 Post Car Lift,https://www.alibaba.com/product-detail/Positive-Reviews-From-Actual-Customers-4t_1601953495420.html,https://s.alicdn.com/@sc04/kf/H028c096e204b477182e6398ca147627du/Positive-Reviews-From-Actual-Customers-4t-Garage.png_480x480.jpg,
94,Elevadores,Elevador de 4 postes,,"$2,200-2,300",1 set,,"Popular and Highly Recommended, Widely Loved CE Approved 4 Post Car Hoist Lift for Sale/Automotive Repair Equipment",https://www.alibaba.com/product-detail/Popular-and-Highly-Recommended-Widely-Loved_1601195891790.html,https://s.alicdn.com/@sc04/kf/He46dd1c71066405f957cfe7b3bbac508R/Popular-and-Highly-Recommended-Widely-Loved-CE.png,
95,Alineadoras 3D,Alineadora 3D,,"$2,500-3,000",1 set,2,3D car four-wheel alignment instrument factory price 3D wheel alignment machine automotive repair equipment,https://www.alibaba.com/product-detail/3D-car-four-wheel-alignment-instrument_1601180769159.html,https://s.alicdn.com/@sc04/kf/H00b2ba97ad2a4a0789fb72c84ece4bc4c/3D-car-four-wheel-alignment-instrument-factory.png,
96,Elevadores,"Elevador de 4 postes · para alineación, 4 t",,"$2,200-2,300",1 set,,4T Garage Equipment 4 Post Hydraulic Car Lift for Alignment with Second Jack/High Precision and Stability / Long-lasting,https://www.alibaba.com/product-detail/4T-Garage-Equipment-4-Post-Hydraulic_1601095714689.html,https://s.alicdn.com/@sc04/kf/Hbed50d7b17bc40bcb43db07888fd503aJ/4T-Garage-Equipment-4-Post-Hydraulic-Car.png,
97,Elevadores,"Elevador de 4 postes · para alineación, 4.0 t",,"$2,200-2,300",1 set,,Customer Reviews Are Good and the Volume of Shipments Is Large 4.0 Ton Alignment Hydraulic 4 Pillar Lift with Rolling Jack,https://www.alibaba.com/product-detail/Customer-Reviews-Are-Goodand-the-Volume_1601033048918.html,https://s.alicdn.com/@sc04/kf/H53991806b8b04940bde68ce3ce2f98adu/Customer-Reviews-Are-Goodand-the-Volume-of.png,
98,Desmontadoras de llantas,Desmontadora de llantas,,$600-750,1 set,,High Quality Tire Changers Wheel Repair Machine/Tire Removal Machine with Maximum Tire Diameter of 1000mm for Car Repair,https://www.alibaba.com/product-detail/High-Quality-Tire-Changers-Wheel-Repair_1601026132493.html,https://s.alicdn.com/@sc04/kf/H43d7625bca6947b29e03505f7f257136i/High-Quality-Tire-Changers-Wheel-Repair-Machine.jpg,
99,Alineadoras 3D,Alineadora 3D para camión y autobús,,"$11,000-11,500",1 set,,"High-quality, Best-Selling Bus and Truck Wheel Alignment Machine / Automotive Repair Equipment",https://www.alibaba.com/product-detail/High-quality-Best-Selling-Bus-and_1601241139454.html,https://s.alicdn.com/@sc04/kf/H42fe16867afa4e7bbc41650af0d1a3c8n/High-quality-Best-Selling-Bus-and-Truck.png,
100,Elevadores,"Elevador de tijera · empotrado, 3,500 kg",,"$1,386-1,524",1 piece,,High Quality In-Ground Scissor Car Lift/Car Lift for Vehicle Repair With 3500kg Lifting Capacity,https://www.alibaba.com/product-detail/High-Quality-In-Ground-Scissor-Car_1601941849322.html,https://s.alicdn.com/@sc04/kf/H2216caec88e54637b58ed2d4279addfc1/High-Quality-In-Ground-Scissor-Car-Lift.jpg,
101,Simuladores de chasis,Simulador de camino (detector de ruidos de chasis),,"$2,750-2,950",1 set,,Chassis Suspension Detector Car Chassis Suspension Abnormal Sound Detection Equipment,https://www.alibaba.com/product-detail/Chassis-Suspension-Detector-Car-Chassis-Suspension_1601406870650.html,https://s.alicdn.com/@sc04/kf/H2b35d07adcc9408fb9017b46e07fc8b0Z/Chassis-Suspension-Detector-Car-Chassis-Suspension-Abnormal.jpg,
102,Simuladores de chasis,Simulador de camino (detector de ruidos de chasis),,"$2,750-2,850",1 set,,XPROMISE Automobile Chassis Suspension Road Test Simulator for Sale Wheel Alignment Car Lift Tire Changer and Wheel Balancer,https://www.alibaba.com/product-detail/XPROMISE-Automobile-Chassis-Suspension-Road-Test_1601225116335.html,https://s.alicdn.com/@sc04/kf/Hb1131d25726d4875ab5411d49cc36be5y/XPROMISE-Automobile-Chassis-Suspension-Road-Test-Simulator.jpg,
103,Simuladores de chasis,Simulador de camino (detector de ruidos de chasis),,"$3,000-3,100",1 set,,XPROMISE Automobile Sound Testing Shaking Machine Car Chassis Suspension Road Simulation Vibration,https://www.alibaba.com/product-detail/XPROMISE-Automobile-Sound-Testing-Shaking-Machine_1601231024416.html,https://s.alicdn.com/@sc04/kf/H7edcd2a8fff94545bc5abc6517b7f85fo/XPROMISE-Automobile-Sound-Testing-Shaking-Machine-Car.jpg,
104,Simuladores de chasis,Simulador de camino (detector de ruidos de chasis),,"$3,000-3,100",1 set,2,XPROMISE Head Turn Auto Chassis Road Simulator Car Suspension Test Machine Noise Diagnosis for Sale,https://www.alibaba.com/product-detail/XPROMISE-Head-Turn-Auto-Chassis-Road_1601231063284.html,https://s.alicdn.com/@sc04/kf/H5d53e1c12825477893613014e5c46ada3/XPROMISE-Head-Turn-Auto-Chassis-Road-Simulator.jpg,
105,Simuladores de chasis,Simulador de camino (detector de ruidos de chasis) · pantalla táctil,,"$3,000-3,100",1 set,,Factory Direct Sales Chassis Road Simulator With Touch Screen Chassis Suspension Detector,https://www.alibaba.com/product-detail/Factory-Direct-Sales-Chassis-Road-Simulator_1601296887054.html,https://s.alicdn.com/@sc04/kf/H71f26e6b19d240dc9e3707b8533991acL/Factory-Direct-Sales-Chassis-Road-Simulator-With.jpg,
106,Tornos de frenos,Torno de frenos (discos y tambores),,"$3,400-3,500",1 set,1,Factory Directly Cars Repair Car Brake Disc Lathe Brake Disc Drum Lathe Machine,https://www.alibaba.com/product-detail/Factory-Directly-Cars-Repair-Car-Brake_1601799219958.html,https://s.alicdn.com/@sc04/kf/H0273b238dc7445108cc2b322f9c12cbdE/Factory-Directly-Cars-Repair-Car-Brake-Disc.jpg_480x480.jpg,
107,Tornos de frenos,Torno de frenos (discos y tambores),C9335A,"$1,770-1,790",1 set,14,Hot Selling Drum Oil Skimmer Car Brake Drum Disc Cutter for All Car Brake Discs Lathe Machine,https://www.alibaba.com/product-detail/Hot-Selling-Drum-Oil-Skimmer-Car_1600496875283.html,https://s.alicdn.com/@sc04/kf/H975e93dd4d1c481dbeee22177100232ec/Hot-Selling-Drum-Oil-Skimmer-Car-Brake.jpg_480x480.jpg,Modelo: C9335A | Tipo: Torno de discos y tambores | Potencia: 1.1 kW | Motor: 110V/220V/380V 50/60Hz | Diámetro de disco: 180-350 mm | Diámetro de tambor: 180-350 mm | Velocidad del husillo: 75 / 130 rpm | Recorrido máx.: 100 mm | Avance: 0.16 mm/rev | Peso total: 260 kg | Medidas: 850×620×750 mm | Origen: China
108,Simuladores de chasis,Simulador de camino (detector de ruidos de chasis),,"$2,500-2,750",1 set,1,Chassis Road Simulator for Automobile Diagnosing Abnormal Noise Automotive Car Repair Shop Equipment,https://www.alibaba.com/product-detail/Chassis-Road-Simulator-for-Automobile-Diagnosing_1601406899467.html,https://s.alicdn.com/@sc04/kf/H683812abe3834b0eab08186a45e25e8cd/Chassis-Road-Simulator-for-Automobile-Diagnosing-Abnormal.jpg,
109,Tornos de frenos,Torno de frenos en vehículo,,"$3,862-4,065",1 set,,Auto Repair Equipment Brakes Get On and Off Brake Drum Lathes,https://www.alibaba.com/product-detail/Auto-Repair-Equipment-Brakes-Get-On_1600591594519.html,https://s.alicdn.com/@sc04/kf/H7c06c722193b4e2c9032f5c71d844aa8n/Auto-Repair-Equipment-Brakes-Get-On-and.jpg_480x480.jpg,
110,Desmontadoras de llantas,Desmontadora de llantas · manual,,$720-750,1 set,3,Hot Selling Manual Tire Changer Machine Workshop Equipment,https://www.alibaba.com/product-detail/Hot-Selling-Manual-Tire-Changer-Machine_1600704736990.html,https://s.alicdn.com/@sc04/kf/Ha3a6c6b227cc4274a9bc97a1e61f8091F/Hot-Selling-Manual-Tire-Changer-Machine-Workshop.jpg,
111,Desmontadoras de llantas,"Desmontadora de llantas · sin palanca, columna basculante",,$720-750,1 set,,Lever-less Tire Changer Pneumatic Back Tilting Post Auto Workshop Equipment,https://www.alibaba.com/product-detail/Lever-less-Tire-Changer-Pneumatic-Back_1600747167852.html,https://s.alicdn.com/@sc04/kf/H040092bec3804234a35c805c201ad99aw/Lever-less-Tire-Changer-Pneumatic-Back-Tilting.jpg,
112,Desmontadoras de llantas,Desmontadora de llantas para camión · automática,,"$2,700-2,850",1 set,,"Machine to Tire Remove 14-24.5"" Automatic Heavy Duty Customized Truck Tire Changer",https://www.alibaba.com/product-detail/Machine-to-Tire-Remove-14-24_1600604638992.html,https://s.alicdn.com/@sc04/kf/H18f0579e5bf440b9a8911ef974528644x/Machine-to-Tire-Remove-14-24-5.jpg,
113,"Fluidos, A/C y limpieza",Recuperadora de refrigerante A/C,,"$2,415-2,420",1 set,,Car A/C R134a Flushing Refrigerant Recycling Machine,https://www.alibaba.com/product-detail/Car-A-C-R134a-Flushing-Refrigerant_1601673323159.html,https://s.alicdn.com/@sc04/kf/H635cf6772e7d48c8b6179b16a8860649o/Car-A-C-R134a-Flushing-Refrigerant-Recycling.jpg_480x480.jpg,
114,Balanceadoras,Balanceadora de ruedas · manual,,$307-399,1 set,1,XPROMISE Auto Wheel Balancing Machine Manual Wheel Balancer,https://www.alibaba.com/product-detail/XPROMISE-Auto-Wheel-Balancing-Machine-Manual_1601018071500.html,https://s.alicdn.com/@sc04/kf/Hb8f4d74853344fe5ab563c99afa9ee83l/XPROMISE-Auto-Wheel-Balancing-Machine-Manual-Wheel.jpg,
115,Alineadoras 3D,Alineadora 3D para camión y autobús,,"$11,650-11,850",1 set,,Commercial Truck Wheel Alignment System/heavy Duty Road Truck Wheels Alignment Machines,https://www.alibaba.com/product-detail/Commercial-Truck-Wheel-Alignment-System-heavy_1601018073499.html,https://s.alicdn.com/@sc04/kf/H72f43b74f7e244c3b47bf27bfe352247z/Commercial-Truck-Wheel-Alignment-System-heavy-Duty.jpg,
116,Elevadores,Elevador de 4 postes · para alineación,,"$2,200-2,300",1 set,,"Xpromise Company 4 Post Alignment Lift, car Lift with CE Certification",https://www.alibaba.com/product-detail/Xpromise-Company-4-Post-Alignment-Lift_1601030604459.html,https://s.alicdn.com/@sc04/kf/Hc7441f189d23411699991305ce64fe96V/Xpromise-Company-4-Post-Alignment-Lift-car.jpg,
117,Elevadores,"Elevador de 2 postes · 4,000 kg",,"$1,040-1,100",1 set,,4000kg Two Post Lift Low Price Hydraulic Car Lift 2 Post Lifter Car Lift for Sale,https://www.alibaba.com/product-detail/4000kg-Two-Post-Lift-Low-Price_1601044174846.html,https://s.alicdn.com/@sc04/kf/H84b6d636a3704b6da57393872dd7c2f0L/4000kg-Two-Post-Lift-Low-Price-Hydraulic.jpg,
118,Desmontadoras de llantas,Desmontadora de llantas,,$930-975,1 set,,Factory Sale Cheap Tire Changer Tyre Changer Machine,https://www.alibaba.com/product-detail/Factory-Sale-Cheap-Tire-Changer-Tyre_1600704793709.html,https://s.alicdn.com/@sc04/kf/H9632cf5e3473451e91fec396f17e9296c/Factory-Sale-Cheap-Tire-Changer-Tyre-Changer.jpg,
119,Combos desmontadora + balanceadora,Combo desmontadora + balanceadora,,$879-919,1 set,,XPROMISE Hot Sale Wheel Balancer Machine Tire Changer for Car Garage Equipment,https://www.alibaba.com/product-detail/XPROMISE-Hot-Sale-Wheel-Balancer-Machine_1600698430161.html,https://s.alicdn.com/@sc04/kf/Hf3dbcab6cea74cdebb51d9a847924b8dZ/XPROMISE-Hot-Sale-Wheel-Balancer-Machine-Tire.jpg,
120,Balanceadoras,Balanceadora de ruedas,,$907-947,1 set,,Auto Workshop Equipment Tire Balancer Wheel Balancer for Car,https://www.alibaba.com/product-detail/Auto-Workshop-Equipment-Tire-Balancer-Wheel_1600698645994.html,https://s.alicdn.com/@sc04/kf/H8c72926c8f5749eeb9ccabbc85d173cc6/Auto-Workshop-Equipment-Tire-Balancer-Wheel-Balancer.jpg,
121,Elevadores,Elevador de 4 postes · 4 t,,"$2,200-2,300",1 set,1,Safe Hydraulic Auto Launch 4 Ton Four Post Car Lift With CE Certified,https://www.alibaba.com/product-detail/Safe-Hydraulic-Auto-Launch-4-Ton_1601095748594.html,https://s.alicdn.com/@sc04/kf/Hfc1b259b53ca4ca0b6c3b3a64b560277r/Safe-Hydraulic-Auto-Launch-4-Ton-Four.jpg,
122,Elevadores,Elevador de tijera · 3 t,,"$1,259-1,310",1 set,,3t Hydraulic Car Lift Elevator Car Lift a Cheap Scissor Lift,https://www.alibaba.com/product-detail/3t-Hydraulic-Car-Lift-Elevator-Car_1601105137570.html,https://s.alicdn.com/@sc04/kf/H58f4074509a14e7dba0b4a9b6f400f2cT/3t-Hydraulic-Car-Lift-Elevator-Car-Lift.jpg,
123,Alineadoras 3D,Alineadora 3D,,"$2,650-2,750",1 set,2,Xpromise 3D Wheel Alignment Machine Car Four Wheel Aligner With Factory Price,https://www.alibaba.com/product-detail/Xpromise-3D-Wheel-Alignment-Machine-Car_1601113815355.html,https://s.alicdn.com/@sc04/kf/Ha4aa153c56454a63adf208a774666076M/Xpromise-3D-Wheel-Alignment-Machine-Car-Four.jpg,
124,Elevadores,"Elevador de tijera · media altura, 3 t",,"$1,259-1,310",1 set,,Portable Mid Rise Hydraulic Scissor Car Lift Vehicle Ramp Car Lift 3T Capacity Waterproof Car Lift for Outdoor Use,https://www.alibaba.com/product-detail/Portable-Mid-Rise-Hydraulic-Scissor-Car_1601105586094.html,https://s.alicdn.com/@sc04/kf/Hf50f5fec5e1b4c0c87cb7b57f792b5f5W/Portable-Mid-Rise-Hydraulic-Scissor-Car-Lift.jpg,
125,Elevadores,Elevador de tijera · media altura,,"$1,259-1,310",1 set,,Home Dual Mid Rise Scissor Car Lift China Manufacturers,https://www.alibaba.com/product-detail/Home-Dual-Mid-Rise-Scissor-Car_1601105668030.html,https://s.alicdn.com/@sc04/kf/H4ad62f14a6be4dada755c5efba02dbc8o/Home-Dual-Mid-Rise-Scissor-Car-Lift.jpg,
126,Alineadoras 3D,Alineadora 3D,,"$2,650-2,750",1 set,,Four Wheel Aligner Equipment 3D 4 Wheel Alignment Machine,https://www.alibaba.com/product-detail/Four-Wheel-Aligner-Equipment-3D-4_1601154077000.html,https://s.alicdn.com/@sc04/kf/Hd08e1bd5b2584acca252dd0cf1b78396o/Four-Wheel-Aligner-Equipment-3D-4-Wheel.jpg,
127,Elevadores,"Elevador de 2 postes · 4,000 kg",,"$1,040-1,100",1 set,,Xpromise CE 4000KG Double Lock Release Lift Hydraulic 2 Post Car Lift,https://www.alibaba.com/product-detail/Xpromise-CE-4000KG-Double-Lock-Release_1601159885265.html,https://s.alicdn.com/@sc04/kf/Hde4791ab77ca400cb2b1295f01a9598fG/Xpromise-CE-4000KG-Double-Lock-Release-Lift.jpg,
128,Elevadores,Elevador de 2 postes,,"$1,040-1,100",1 set,,Xpromise Vehicle Lift 2 Post Double Hydraulic Hoist Auto Lift,https://www.alibaba.com/product-detail/Xpromise-Vehicle-Lift-2-Post-Double_1601159812530.html,https://s.alicdn.com/@sc04/kf/Hbe8c8a20553945b38b4d8db9037e055cy/Xpromise-Vehicle-Lift-2-Post-Double-Hydraulic.jpg,
129,Balanceadoras,Balanceadora de ruedas · automática,,$307-399,1 set,2,High Quality Automatic Car Tire Wheel Balancer Smart Balancing Machine Equipment,https://www.alibaba.com/product-detail/High-Quality-Automatic-Car-Tire-Wheel_1601195856750.html,https://s.alicdn.com/@sc04/kf/H7bc6c01de0834939a0c57ed70a1f1b87F/High-Quality-Automatic-Car-Tire-Wheel-Balancer.jpg,
130,Elevadores,Elevador de 2 postes,,"$1,040-1,100",1 set,,Best Price in Stock 2 Post Double-cylinder Car Lift for Sale,https://www.alibaba.com/product-detail/Best-Price-in-Stock-2-Post_1601196150285.html,https://s.alicdn.com/@sc04/kf/He35cbcd8b4e54a2ca98a74ec0ba696c8c/Best-Price-in-Stock-2-Post-Double.jpg,
131,Elevadores,Elevador de tijera · media altura,,"$1,259-1,310",1 set,,OEM Brand Auto Hoist Shop Hydraulic Car Lifts Lifting Machine Portable Mid Rise Car Scissor Lift for Sale,https://www.alibaba.com/product-detail/OEM-Brand-Auto-Hoist-Shop-Hydraulic_1601196271151.html,https://s.alicdn.com/@sc04/kf/H1fe5d6923b884f27a163b25f70dbb77aH/OEM-Brand-Auto-Hoist-Shop-Hydraulic-Car.jpg,
132,Desmontadoras de llantas,Desmontadora de llantas · automática,,"$1,045-1,100",1 set,,XPROMISE Automatic Tire Changer Machine Automobile Maintenance Tyre Changer Machine Price for Sale,https://www.alibaba.com/product-detail/XPROMISE-Automatic-Tire-Changer-Machine-Automobile_1601149573733.html,https://s.alicdn.com/@sc04/kf/H8c20e38ffdf14a13bfe75d794dbf15752/XPROMISE-Automatic-Tire-Changer-Machine-Automobile-Maintenance.jpg,
133,Alineadoras 3D,Alineadora 3D · con viga elevadora,,"$2,800-2,900",1 set,,Automobile Workshop Garage Equipment Car Tyre 3D Wheel Alignment Aligner Aliging Machine Price with Lifting Beam,https://www.alibaba.com/product-detail/Automobile-Workshop-Garage-Equipment-Car-Tyre_1601173434096.html,https://s.alicdn.com/@sc04/kf/H196f3daadad74efca70d2ef12ea26622D/Automobile-Workshop-Garage-Equipment-Car-Tyre-3D.jpg_480x480.jpg,
134,Alineadoras 3D,Alineadora 3D,,"$2,500-3,000",1 set,,Auto Shop Repair Garage Tire Maintenance Car Wheel Alignment Wheel Balancing Tyre Balancer Equipment Price,https://www.alibaba.com/product-detail/Auto-Shop-Repair-Garage-Tire-Maintenance_1601180780171.html,https://s.alicdn.com/@sc04/kf/H4025d86816104fd2b9018789e04faa0aL/Auto-Shop-Repair-Garage-Tire-Maintenance-Car.jpg_480x480.jpg,
135,Bancadas de enderezado,Bancada de enderezado de chasis,,"$5,700",1 set,,Auto Body Repair Tool Frame Machine Car Body Frame Machine Car Frame Machine Hydraulic Cylinder Repair Bench,https://www.alibaba.com/product-detail/Auto-Body-Repair-Tool-Frame-Machine_1601370103118.html,https://s.alicdn.com/@sc04/kf/Hdaf9374a42524bf3a06ee3346316c76ab/Auto-Body-Repair-Tool-Frame-Machine-Car.jpg,
136,Combos desmontadora + balanceadora,Combo desmontadora + balanceadora,,"$1,615-1,700",1 set,,XPROMISE Hot Sale Tire Balancer Italy Tire Changer Auto Garage Equipment Automatic Tyre Changer Car Inspection Machine Price,https://www.alibaba.com/product-detail/XPROMISE-Hot-Sale-Tire-Balancer-Italy_1601149778291.html,https://s.alicdn.com/@sc04/kf/H2b25984ba76a4773b4bd330bf13cb30fP/XPROMISE-Hot-Sale-Tire-Balancer-Italy-Tire.jpg,
137,Alineadoras 3D,Alineadora 3D,,"$2,800-2,900",1 set,,Full Set Automotive Vehicle Repair Car Lift Tyre Changer Balancer Wheel Aligner Aligning Alignment Machine Price,https://www.alibaba.com/product-detail/Full-Set-Automotive-Vehicle-Repair-Car_1601173123801.html,https://s.alicdn.com/@sc04/kf/H90b6aaaade0a413e8cb5422f18f64da9I/Full-Set-Automotive-Vehicle-Repair-Car-Lift.jpg_480x480.jpg,
138,Alineadoras 3D,Alineadora 3D,,"$2,500-2,600",1 set,,XPROMISE 3d Wheel Alignment Machine Unique Imaging System for Tyre Service Workshop,https://www.alibaba.com/product-detail/XPROMISE-3d-Wheel-Alignment-Machine-Unique_1601126707008.html,https://s.alicdn.com/@sc04/kf/H1f0e23b0bbf5405787d7564789cdbc48n/XPROMISE-3d-Wheel-Alignment-Machine-Unique-Imaging.jpg,
139,Alineadoras 3D,Alineadora 3D,,"$2,500-2,600",1 set,,XPROMISE Accurate Car Tire Alignment 3d Intelligent 4 Wheel Aligner for Sale,https://www.alibaba.com/product-detail/XPROMISE-Accurate-Car-Tire-Alignment-3d_1601126490790.html,https://s.alicdn.com/@sc04/kf/H7dbf77a681734058b0eeba1518c399a7m/XPROMISE-Accurate-Car-Tire-Alignment-3d-Intelligent.jpg,
140,Elevadores,Elevador de tijera,,"$1,706-1,795",1 piece,,Factory Wholesale Price High Quality Hydraulic Scissor Lift with CE Certification,https://www.alibaba.com/product-detail/Factory-Wholesale-Price-High-Quality-Hydraulic_1600410839157.html,https://s.alicdn.com/@sc04/kf/H21210776bdf34e2ca00c91e23e873a378/Factory-Wholesale-Price-High-Quality-Hydraulic-Scissor.jpg,
141,Alineadoras 3D,Alineadora 3D,,"$2,500-2,600",1 set,5,XPROMISE Automatic Customized OEM 3D Wheel Alignment for Sale,https://www.alibaba.com/product-detail/XPROMISE-Automatic-Customized-OEM-3D-Wheel_1601155259406.html,https://s.alicdn.com/@sc04/kf/H2c5720d048fe4ddba667cf522eec07e0r/XPROMISE-Automatic-Customized-OEM-3D-Wheel-Alignment.jpg,
142,Balanceadoras,Balanceadora de ruedas,,$350-390,1 set,,XPROMISE Wholesale Price China Manufacturer Car Wheel Balancer for Sale,https://www.alibaba.com/product-detail/XPROMISE-Wholesale-Price-China-Manufacturer-Car_1601155058677.html,https://s.alicdn.com/@sc04/kf/Ha65aeeb55ffb4205893d392e3bbbab8dk/XPROMISE-Wholesale-Price-China-Manufacturer-Car-Wheel.jpg,
143,Balanceadoras,Balanceadora de ruedas,,$600-650,1 set,,XPROMISE Auto Professional Advanced Wheel Balancer with CE Certification,https://www.alibaba.com/product-detail/XPROMISE-Auto-Professional-Advanced-Wheel-Balancer_1601168507450.html,https://s.alicdn.com/@sc04/kf/H68624c8abd094c5387d07f4e892147629/XPROMISE-Auto-Professional-Advanced-Wheel-Balancer-with.jpg,
144,Alineadoras 3D,Alineadora 3D,,"$2,500-2,600",1 set,,XPROMISE OEM Service Available Popular Wheel Alignment with CE Certification,https://www.alibaba.com/product-detail/XPROMISE-OEM-Service-Available-Popular-Wheel_1601174413041.html,https://s.alicdn.com/@sc04/kf/H0cafa06a08eb4c6c947d39b04d9aebaf1/XPROMISE-OEM-Service-Available-Popular-Wheel-Alignment.jpg,
145,Elevadores,Elevador de tijera,,"$3,770-3,969",1 piece,,CE Approved High Standard Automatic Car Scissor Lift for Home Garage,https://www.alibaba.com/product-detail/CE-Approved-High-Standard-Automatic-Car_1600423693335.html,https://s.alicdn.com/@sc04/kf/H1efb416c1b314aa48001aabad43c8bb72/CE-Approved-High-Standard-Automatic-Car-Scissor.jpg,
146,Alineadoras 3D,Alineadora 3D,,"$2,950",1 set,1,Factory Provide Good Quality Wheel Alignment Machine Wheel Aligner for Sale,https://www.alibaba.com/product-detail/Factory-Provide-Good-Quality-Wheel-Alignment_1600512876308.html,https://s.alicdn.com/@sc04/kf/H9217a4442d134386813afbb9352053b6g/Factory-Provide-Good-Quality-Wheel-Alignment-Machine.jpg,
147,Desmontadoras de llantas,Desmontadora de llantas,,"$1,650-1,750",1 set,,Cheap Tire Changer Tire Extractor Tire Changer and Wheel Balancing Machine Combo for Sale,https://www.alibaba.com/product-detail/Cheap-Tire-Changer-Tire-Extractor-Tire_1601042150968.html,https://s.alicdn.com/@sc04/kf/H091049550f5b44499c2edaafe575fc5ed/Cheap-Tire-Changer-Tire-Extractor-Tire-Changer.jpg,
148,Desmontadoras de llantas,Desmontadora de llantas,,$660-760,1 set,,Auto Factory Prices Auto Workshop Equipment Used Tire Changer Machine Tire Changer Machine and Balancer Combo,https://www.alibaba.com/product-detail/Auto-Factory-Prices-Auto-Workshop-Equipment_1601041227853.html,https://s.alicdn.com/@sc04/kf/H378df7df8559480ab19e02f5b25f0b82q/Auto-Factory-Prices-Auto-Workshop-Equipment-Used.jpg,
149,Desmontadoras de llantas,Desmontadora de llantas para camión · automática,XP830A,"$2,350-2,450",1 set,,"14""-26"" Automatic Truck Tyre Changer Machine Heavy Duty Car Tyre Changer Machine Price",https://www.alibaba.com/product-detail/14-26-Automatic-Truck-Tyre-Changer_1601042265841.html,https://s.alicdn.com/@sc04/kf/H873cc023c0014dc79b3e825a0aa7b70eZ/14-26-Automatic-Truck-Tyre-Changer-Machine.jpg,"Modelo: XP830A | Marca: XPROMISE | Tipo: Desmontadora automática para camión | Sujeción: 14-26"" | Ancho máx. de rueda: 800 mm | Diámetro máx. de rueda: 1600 mm | Peso máx. de rueda: 500 kg | Fuerza del destalonador: 2500 kgf | Potencia hidráulica: 1.5 kW / 380V trifásico | Potencia del motor: 1.8 kW / 380V trifásico | Voltaje opcional: 220/380V | Peso: 700 kg | Medidas de empaque: 206×162×96 cm | Garantía: 24 meses | Origen: Shandong, China"
150,Desmontadoras de llantas,Desmontadora de llantas para camión · automática,XP540A,"$3,500-3,600",1 set,,Tire Repair Equipment XP540A Truck Wholesale Tire Changer Hot Selling Cheap Automatic Tire Changer,https://www.alibaba.com/product-detail/Tire-Repair-Equipment-XP540A-Truck-Wholesale_1601042341110.html,https://s.alicdn.com/@sc04/kf/H1f7d114c8fd2486f9f7bfd646cb06d43g/Tire-Repair-Equipment-XP540A-Truck-Wholesale-Tire.jpg,
151,Elevadores,Elevador móvil de 1 columna,XP-1635Y,"$3,052-3,213",1 set,,Mobile One Column Lift Machine Single Post Car Lift with Universal Wheel,https://www.alibaba.com/product-detail/Mobile-One-Column-Lift-Machine-Single_1601052860183.html,https://s.alicdn.com/@sc04/kf/Hf7436fce358c4317ae0a70fe7b682246A/Mobile-One-Column-Lift-Machine-Single-Post.jpg_480x480.jpg,"Modelo: XP-1635Y | Marca: XPROMISE | Tipo: Elevador móvil de 1 columna (con ruedas) | Capacidad: 2700 kg | Altura de elevación: 1800 mm | Altura mínima: 92 mm | Tiempo de elevación: 65 s | Altura total: 2441 mm | Motor: 440V / 230V | Peso: 1190 kg | Garantía: 24 meses | Origen: Shandong, China"
152,Desmontadoras de llantas,Desmontadora de llantas,,$785-885,1 set,,Hot Sale Factory Price Auto Workshop Equipment Tire Changer Machine for Garage Tire Shops with CE,https://www.alibaba.com/product-detail/Hot-Sale-Factory-Price-Auto-Workshop_1601042249235.html,https://s.alicdn.com/@sc04/kf/H4fcd21ceb1714bbf88720c856e11110a0/Hot-Sale-Factory-Price-Auto-Workshop-Equipment.jpg,
153,Balanceadoras,Balanceadora de ruedas,,$730-830,1 set,,Car Tyre Wheel Balancing Machine CE Tire Balancer Factory Digital Display Auto Car Wheel Balancer,https://www.alibaba.com/product-detail/Car-Tyre-Wheel-Balancing-Machine-CE_1601042351588.html,https://s.alicdn.com/@sc04/kf/Hb5bd66fd11bc47678e28b7a90a89accfB/Car-Tyre-Wheel-Balancing-Machine-CE-Tire.jpg,
154,Balanceadoras,Balanceadora de ruedas · automática,,$300-390,1 set,,Luxury Automatic Wheel Balancer for Car Repair Wheel Balancer Equipment,https://www.alibaba.com/product-detail/Luxury-Automatic-Wheel-Balancer-for-Car_1601043672460.html,https://s.alicdn.com/@sc04/kf/H94838807d7294c3c816861d17f49f56f2/Luxury-Automatic-Wheel-Balancer-for-Car-Repair.jpg_480x480.jpg,
155,Balanceadoras,Balanceadora de ruedas para camión y auto,,$721-938,1 set,,Wheel Balancing Machine Tire Balancer /Garage Equipment for Truck and Car,https://www.alibaba.com/product-detail/Wheel-Balancing-Machine-Tire-Balancer-Garage_1601043697122.html,https://s.alicdn.com/@sc04/kf/H1f803aae931348969eaccfcfa1d96b8fV/Wheel-Balancing-Machine-Tire-Balancer-Garage-Equipment.jpg_480x480.jpg,
156,Elevadores,Elevador móvil de 1 columna,,"$3,052-3,213",1 set,,Electro-Hydraulic Driven Lift with Chain Lifting System Single Post Lift,https://www.alibaba.com/product-detail/Elector-Hydraulic-Driven-Lift-with-Chain_1601052594728.html,https://s.alicdn.com/@sc04/kf/H1b81dcb7925d454f90f188a623baa0848/Elector-Hydraulic-Driven-Lift-with-Chain-Lifting.jpg_480x480.jpg,
157,Elevadores,Elevador de tijera · media altura,,"$1,280-1,350",1 piece,,XPROMISE Auto Durable Repair Center Small Car Scissor Lift for Sale,https://www.alibaba.com/product-detail/XPROMISE-Auto-Durable-Repair-Center-Small_1601046701839.html,https://s.alicdn.com/@sc04/kf/H1c1280b94b8749dfa907858c330b4ba3r/XPROMISE-Auto-Durable-Repair-Center-Small-Car.jpg,
158,Desmontadoras de llantas,Desmontadora de llantas para camión · manual,,"$2,200-2,350",1 set,,Wholesale Tyre Changing Machine Manual Truck Tyre Changer,https://www.alibaba.com/product-detail/Wholesale-Tyre-Changing-Machine-Manual-Truck_1601048512683.html,https://s.alicdn.com/@sc04/kf/Haecc6d575a2941da8f025899734efa74v/Wholesale-Tyre-Changing-Machine-Manual-Truck-Tyre.jpg,
159,Elevadores,"Elevador de tijera · 3,000 kg",,"$971-1,069",1 set,,Heavy Duty CE Certified Scissor Car Lift 3000kg for Auto Repair Shop & Garage Hydraulic Scissor Lift Platform for Cars,https://www.alibaba.com/product-detail/Heavy-Duty-CE-Certified-Scissor-Car_1601424977584.html,https://s.alicdn.com/@sc04/kf/H22da3599757f4790bede59ea706b95284/Heavy-Duty-CE-Certified-Scissor-Car-Lift.jpg,
160,Alineadoras 3D,Alineadora 3D · con elevador de 4 postes,,"$2,800-2,900",1 set,,Factory Cheap CE 3D Wheel Alignment Machine/4 Post Car Lift Wheel Aligner Machine for Car Garage Work,https://www.alibaba.com/product-detail/Factory-Cheap-CE-3D-Wheel-Alignment_1601415670431.html,https://s.alicdn.com/@sc04/kf/H9bc366cb04ea46758353fb1086ac18a1b/Factory-Cheap-CE-3D-Wheel-Alignment-Machine.jpg,
161,"Fluidos, A/C y limpieza",Cambiadora de aceite de transmisión (ATF),,$310-350,1 set,,Flush Cleaning Cleaner Machine Auto Transmission Fluid Oil Exchanger,https://www.alibaba.com/product-detail/Flush-Cleaning-Cleaner-Machine-Auto-Transmission_1601383306981.html,https://s.alicdn.com/@sc04/kf/H0a7011924263475292fb9ecf556122a1e/Flush-Cleaning-Cleaner-Machine-Auto-Transmission-Fluid.jpg_480x480.jpg,
162,Bancadas de enderezado,Bancada de enderezado de chasis,,"$5,700",1 set,,Car Frame Straightening Machine Car Body Repair Machine Auto Straightening Bench Auto Body Frame Machine,https://www.alibaba.com/product-detail/Car-Frame-Straightening-Machine-Car-Body_1601369985879.html,https://s.alicdn.com/@sc04/kf/H9dc8bb7ff99f4858a2390f10aeacd3a6W/Car-Frame-Straightening-Machine-Car-Body-Repair.jpg,
163,Bancadas de enderezado,Bancada de enderezado de chasis,,"$5,700",1 set,,Hot Sale Chinese Manufacturer Car Body Frame Machine Car Body Equipment Auto Straightening Bench,https://www.alibaba.com/product-detail/Hot-Sale-Chinese-Manufacturer-Car-Body_1601369962834.html,https://s.alicdn.com/@sc04/kf/Hb5860a605c82467196262fdeba93033e0/Hot-Sale-Chinese-Manufacturer-Car-Body-Frame.jpg,
164,Desmontadoras de llantas,Desmontadora de llantas,,$720-780,1 set,,Wholesale Tire Changing Machine Pneumatic Tire Changer Tire Shop Package Tools and Equipment,https://www.alibaba.com/product-detail/Wholesale-Tire-Changing-Machine-Pneumatic-Tire_1600425768449.html,https://s.alicdn.com/@sc04/kf/Hc8673443d8624374b073726422a7a89cW/Wholesale-Tire-Changing-Machine-Pneumatic-Tire-Changer.jpg,
165,Desmontadoras de llantas,Desmontadora de llantas,,$940-984,1 set,,Factory Price for Tire Changer and Wheel Balancer for Car Workshop Equipment,https://www.alibaba.com/product-detail/Factory-Price-for-Tire-Changer-and_1600612543999.html,https://s.alicdn.com/@sc04/kf/Hb3d97a8c43c0493597ae210d75dc5ba0E/Factory-Price-for-Tire-Changer-and-Wheel.jpg,
166,Desmontadoras de llantas,Desmontadora de llantas,,$777-817,1 set,,Tire Changer Machine Garage Equipment Tools Tire Tyre Changers Used for Car,https://www.alibaba.com/product-detail/Tire-Changer-Machine-Garage-Equipment-Tools_1600535858509.html,https://s.alicdn.com/@sc04/kf/H3e088b023ebd41f798d912dec8c58f5fj/Tire-Changer-Machine-Garage-Equipment-Tools-Tire.jpg,
167,Desmontadoras de llantas,Desmontadora de llantas,,$666-706,1 set,,Thicker Turntable Unite X Power Tyre Changer Parts for Car Work Shop,https://www.alibaba.com/product-detail/Thicker-Turntable-Unite-X-Power-Tyre_1600429021846.html,https://s.alicdn.com/@sc04/kf/H819f883290d744fc9c62fde831536413v/Thicker-Turntable-Unite-X-Power-Tyre-Changer.jpg,
168,Balanceadoras,Balanceadora de ruedas,,$898-938,1 set,,3D Wheel Balancing Machine Car Tyre Equipment Workshop Car Auto Body Shop Tire Repair Machine,https://www.alibaba.com/product-detail/3D-Wheel-Balancing-Machine-Car-Tyre_1600430144599.html,https://s.alicdn.com/@sc04/kf/H913ee00f7082434baa0ce8216f5a50e8h/3D-Wheel-Balancing-Machine-Car-Tyre-Equipment.jpg,
169,Balanceadoras,Balanceadora de ruedas · automática,,$369-409,1 set,,Factory High Quality Tyre Dynamic Balancing Machine Car Wheel Alignment Balancing Machine Automatic Wheel Balancer,https://www.alibaba.com/product-detail/Factory-High-Quality-Tyre-Dynamic-Balancing_1600892441257.html,https://s.alicdn.com/@sc04/kf/H88a00c613f7743939573b13e4103ba14f/Factory-High-Quality-Tyre-Dynamic-Balancing-Machine.jpg,
170,Combos desmontadora + balanceadora,Combo desmontadora + balanceadora · para camión,,$879-919,1 set,,Cheap Price Truck Wheel Balancer and Tire Changer Tyre Shop Tools,https://www.alibaba.com/product-detail/Cheap-Price-Truck-Wheel-Balancer-and_1600429022907.html,https://s.alicdn.com/@sc04/kf/H368eb3a260734dd6936aa0542a5bd9cfF/Cheap-Price-Truck-Wheel-Balancer-and-Tire.jpg,
171,Elevadores,Columnas elevadoras para camión y autobús,XP-1650YW,"$4,991-5,254",1 set,,Cabled Mobile Column Truck Bus Four Post Hydraulic Car Lift Heavy Duty Column Lift Hydraulic Truck Lifter,https://www.alibaba.com/product-detail/Cabled-Mobile-Column-Truck-Bus-Four_1600555745819.html,https://s.alicdn.com/@sc04/kf/H0935dcafe0e14e71abe593bc4912ef30n/Cabled-Mobile-Column-Truck-Bus-Four-Post.jpg,"Modelo: XP-1650YW | Marca: XPROMISE | Tipo: Columnas móviles para camión/autobús (con cable) | Capacidad por columna: 5500 kg | Carrera de elevación: 0-1750 mm | Ancho entre horquillas: 166-550 mm | Altura total: 3770 mm | Tiempo de elevación: 80 s | Alimentación: DC 24V | Peso (por columna): 510 kg | Garantía: 18 meses | Origen: Shandong, China"
172,Alineadoras 3D,Alineadora 3D para camión y autobús,,"$11,000-11,500",1 set,,Customized Three Bridge Truck Garage Equipment Alignment with Wheel Alignment Turntables for Truck Workshop,https://www.alibaba.com/product-detail/Customized-Three-Bridge-Truck-Garage-Equipment_10000018480694.html,https://s.alicdn.com/@sc04/kf/A8e3071a1a1714ab1a4fd9b7703cb8225R/Customized-Three-Bridge-Truck-Garage-Equipment-Alignment.jpg_480x480.jpg,
173,Alineadoras 3D,Alineadora 3D para camión y autobús,,"$11,000-11,500",1 set,,Garage Equipment Truck Wheel Alignment Outside Inside Car Workshop Equipment Shop,https://www.alibaba.com/product-detail/Garage-Equipment-Truck-Wheel-Alignment-Outside_10000018837029.html,https://s.alicdn.com/@sc04/kf/Aa992913e85ce49d18081ea1ca6691a6aa/Garage-Equipment-Truck-Wheel-Alignment-Outside-Inside.jpg_480x480.jpg,
174,Alineadoras 3D,Alineadora 3D para camión y autobús,,"$11,000-11,500",1 set,,Truck Garage Equipment Alignment with Wheel Alignment Turntables Used Car Lift for Wheel Alignment,https://www.alibaba.com/product-detail/Truck-Garage-Equipment-Alignment-with-Wheel_10000018834064.html,https://s.alicdn.com/@sc04/kf/A84b36e06fc7c4e92b84d72bc6d084fd9F/Truck-Garage-Equipment-Alignment-with-Wheel-Alignment.jpg,
175,Simuladores de chasis,Simulador de camino (detector de ruidos de chasis),,"$3,000-3,100",1 set,,Customized Car Workshop Machine Vehicle Chassis Suspension Abnormal Sound Detection Equipment Road Driving Simulator for Sale,https://www.alibaba.com/product-detail/Customized-Car-Workshop-Machine-Vehicle-Chassis_10000019452338.html,https://s.alicdn.com/@sc04/kf/Aaebfec8b3f294865870b25b4e7751981p/Customized-Car-Workshop-Machine-Vehicle-Chassis-Suspension.jpg,
176,Simuladores de chasis,Simulador de camino (detector de ruidos de chasis),,"$3,000-3,100",1 set,,Automotive Testing Simulator Car Road Shaking Equipment Wholesaler for Car Workshop Red Color,https://www.alibaba.com/product-detail/Automotive-Testing-Simulator-Car-Road-Shaking_1601229435200.html,https://s.alicdn.com/@sc04/kf/Hb31466ddff3041c4b667124beff1b59c0/Automotive-Testing-Simulator-Car-Road-Shaking-Equipment.jpg_480x480.jpg,
177,Simuladores de chasis,Simulador de camino (detector de ruidos de chasis),,"$3,000-3,100",1 set,,Customized Car Lift Chassis Road Simulator Machine for Diagnosing Abnormal Noise,https://www.alibaba.com/product-detail/Customized-Car-Lift-Chassis-Road-Simulator_1601229166645.html,https://s.alicdn.com/@sc04/kf/H369bf3cff361481d82bfbce673089f1fi/Customized-Car-Lift-Chassis-Road-Simulator-Machine.jpg_480x480.jpg,
178,Desmontadoras de llantas,Desmontadora de llantas,,$700-743,1 set,,Factory Price Fast Vertical Auto Tirechanger Machine Tire Changer,https://www.alibaba.com/product-detail/Factory-Price-Fast-Vertical-Auto-Tirechanger_1600611701141.html,https://s.alicdn.com/@sc04/kf/H977c9a28fb8e4f36829d792ea03ef020t/Factory-Price-Fast-Vertical-Auto-Tirechanger-Machine.jpg,
179,Desmontadoras de llantas,Desmontadora de llantas · brazo oscilante,,"$1,370-1,430",1 set,,2024 Hot Sale Steel Pressure Pedal Higher Column Replacement Start Touchless/Swing Arm Tire Changer,https://www.alibaba.com/product-detail/2024-Hot-Sale-Steel-Pressure-Pedal_1600622213680.html,https://s.alicdn.com/@sc04/kf/Hd933db2b5d0241c8816a25d297ea7415m/2024-Hot-Sale-Steel-Pressure-Pedal-Higher.jpg,
180,Desmontadoras de llantas,Desmontadora de llantas,,$700-752,1 set,,Hot Selling Cheap Tire Changer and Balancer Combo Max Red Top Blue Customizable OEM Head Motor Power,https://www.alibaba.com/product-detail/Hot-Selling-Cheap-Tire-Changer-and_1600325047199.html,https://s.alicdn.com/@sc04/kf/Hdc977bbf98a24dd8be36b51edb4b2b35d/Hot-Selling-Cheap-Tire-Changer-and-Balancer.jpg,
181,"Gatos, herramientas y accesorios",Gato hidráulico de perfil bajo 3 t,,$85-99,1 set,6,Standard 3 Ton Hydraulic Low Profile Car Lift Jack with Dual Pump,https://www.alibaba.com/product-detail/Standard-3-Ton-Hydraulic-Low-Profile_1600909778498.html,https://s.alicdn.com/@sc04/kf/H2d42047e02fe4d90b886dab46c9a2a2fZ/Standard-3-Ton-Hydraulic-Low-Profile-Car.jpg,
182,Balanceadoras,Balanceadora de ruedas,,$350-390,1 set,,Tire Balancing Machine Tyre Machine Self-Calibrating Computer Wheel Balancer,https://www.alibaba.com/product-detail/Tire-Balancing-Machine-Tyre-Machine-Self_1601093945738.html,https://s.alicdn.com/@sc04/kf/Heea13799560442228fe677417a74c854q/Tire-Balancing-Machine-Tyre-Machine-Self-Calibrating.jpg_480x480.jpg,
183,Balanceadoras,Balanceadora de ruedas · semiautomática,,$359-399,1 set,,"Rim 10-28"" Auto Repair Equipment Semi-Automatic Balancing Machine Car Wheel Balancer",https://www.alibaba.com/product-detail/Rim-10-28-Auto-Repair-Equipment_1601094181151.html,https://s.alicdn.com/@sc04/kf/H0f17f93390a64155be89791ee3f94ad4P/Rim-10-28-Auto-Repair-Equipment-Semi.jpg_480x480.jpg,
184,Simuladores de chasis,Simulador de camino (detector de ruidos de chasis),,"$3,000-3,100",1 set,,Factory Wholesale Price Chassis Road Simulator the First Choice for Diagnosing Abnormal Noise in the Chassis of the Car,https://www.alibaba.com/product-detail/Factory-Wholesale-Price-Chassis-Road-Simulator_1601113406488.html,https://s.alicdn.com/@sc04/kf/H5fc2135dec76415b81666a1b7399a7e3L/Factory-Wholesale-Price-Chassis-Road-Simulator-the.jpg_480x480.jpg,
185,Alineadoras 3D,Alineadora 3D,,"$3,400-3,500",1 set,,Efficiency Precision Alignment Wheel Aligner With Multiple Models for Sale,https://www.alibaba.com/product-detail/Efficiency-Precision-Alignment-Wheel-Aligner-With_1601123716681.html,https://s.alicdn.com/@sc04/kf/Hce7d074f756f430eba0f323025b5c4898/Efficiency-Precision-Alignment-Wheel-Aligner-With-Multiple.jpg_480x480.jpg,
186,Balanceadoras,Balanceadora de ruedas,,$907-947,1 set,,XPROMISE 3D Wheel Balancer Wheel Balancing Machine Car Tyre Balancing Machine for Sale,https://www.alibaba.com/product-detail/XPROMISE-3D-Wheel-Balancer-Wheel-Balancing_1600325226009.html,https://s.alicdn.com/@sc04/kf/H2242ed039555430f9bff7d990c94af0en/XPROMISE-3D-Wheel-Balancer-Wheel-Balancing-Machine.jpg,
187,Elevadores,Elevador de 4 postes,,"$2,693-2,835",1 unit,,4 Post Hydraulic Car Jack Lift Four Post Lift Vehicle Lifting Equipment,https://www.alibaba.com/product-detail/4-Post-Hydraulic-Car-Jack-Lift_1601072542296.html,https://s.alicdn.com/@sc04/kf/Ha1db2f5e9fd7423083d1e8e79d8ce1caq/4-Post-Hydraulic-Car-Jack-Lift-Four.jpg_480x480.jpg,
188,Balanceadoras,Balanceadora de ruedas,,$898-938,1 set,,"10"" -28"" Alloy Wheel Repair Equipment Tyre Fitting Machine Wheel Balancer",https://www.alibaba.com/product-detail/10-28-Alloy-Wheel-Repair-Equipment_1601094087274.html,https://s.alicdn.com/@sc04/kf/H74a19c140d8b48598fe899aafc6bc7a6b/10-28-Alloy-Wheel-Repair-Equipment-Tyre.jpg_480x480.jpg,
189,Elevadores,Elevador móvil de 1 columna,,"$3,052-3,213",1 set,,Electro-Hydraulic Driven Lift with Chain Lifting System Single Post Lift,https://www.alibaba.com/product-detail/Elector-Hydraulic-Driven-Lift-with-Chain_1601378589259.html,https://s.alicdn.com/@sc04/kf/H2c71da96d9384260a92c75a76934dd8b0/Elector-Hydraulic-Driven-Lift-with-Chain-Lifting.png_480x480.jpg,
190,Elevadores,Elevador de tijera,,"$2,650",1 set,,Scissor Car Lifts for Workshop Four Post Car Lift Tire Shop Equipment Column Lift Auto Workshop Equipment Tire Repair Machine,https://www.alibaba.com/product-detail/Scissor-Car-Lifts-for-Workshop-Four_1601400451030.html,https://s.alicdn.com/@sc04/kf/H124c02f647bd4166ba50adb1f3f81afc9/Scissor-Car-Lifts-for-Workshop-Four-Post.jpg,
191,Simuladores de chasis,Simulador de camino (detector de ruidos de chasis),,"$2,750-2,950",1 set,,Automotive Suspension Tester Road Simulator Chassis Road Simulator Use with Double Cylinder Hydraulic Two Post Car Lifter,https://www.alibaba.com/product-detail/Automotive-Suspension-Tester-Road-Simulator-Chassis_1601406790973.html,https://s.alicdn.com/@sc04/kf/Hab5c7cc5a55941d09907e84e6e6af43bE/Automotive-Suspension-Tester-Road-Simulator-Chassis-Road.jpg,
192,Simuladores de chasis,"Simulador de camino (detector de ruidos de chasis) · 4,000 kg",,$450-500,1 set,,Chassis Road Simulator/Car Suspension Test Machine 4000kg Automobile Chassis Suspension Rattle Testing Equipment with car lift,https://www.alibaba.com/product-detail/Chassis-Road-Simulator-Car-Suspension-Test_1601405523048.html,https://s.alicdn.com/@sc04/kf/H3c779b3e8db74ea8bcc7a38899315c34A/Chassis-Road-Simulator-Car-Suspension-Test-Machine.jpg,
193,Alineadoras 3D,Alineadora 3D para camión y autobús,,"$3,400-3,500",1 set,,3D Wheel Alignment Machine Wheel Aligner for Car Truck Workshop Use,https://www.alibaba.com/product-detail/3D-Wheel-Alignment-Machine-Wheel-Aligner_1601123724893.html,https://s.alicdn.com/@sc04/kf/H5d89e3ab9bdc4070abf3998e57ffcb1eA/3D-Wheel-Alignment-Machine-Wheel-Aligner-for.jpg_480x480.jpg,
194,Simuladores de chasis,Simulador de camino (detector de ruidos de chasis),,"$2,750-2,950",1 set,,Chassis Suspension Detector Chassis Road Simulator Chassis Abnormal Detector,https://www.alibaba.com/product-detail/Chassis-Suspension-Detector-Chassis-Road-Simulator_1601406076992.html,https://s.alicdn.com/@sc04/kf/Hec438f40bc8143e08478409ccb24ad52d/Chassis-Suspension-Detector-Chassis-Road-Simulator-Chassis.jpg_480x480.jpg,
195,Simuladores de chasis,"Simulador de camino (detector de ruidos de chasis) · 4,000 kg",,"$3,000-3,100",1 set,,XPROMISE 4000kg Automobile Chassis Suspension Rattle Testing Equipment Car Shaker Road Simulator for Sale,https://www.alibaba.com/product-detail/XPROMISE-4000kg-Automobile-Chassis-Suspension-Rattle_1601230814783.html,https://s.alicdn.com/@sc04/kf/H45f82532acb44322bce15455052f5911Z/XPROMISE-4000kg-Automobile-Chassis-Suspension-Rattle-Testing.jpg_480x480.jpg,
196,Simuladores de chasis,Simulador de camino (detector de ruidos de chasis),,"$2,750-2,950",1 set,,Chassis Suspension Detector Chassis Road Simulator,https://www.alibaba.com/product-detail/Chassis-Suspension-Detector-Chassis-Road-Simulator_1601415711058.html,https://s.alicdn.com/@sc04/kf/H0035d048ad2c4a3ab6d14b148a1223713/Chassis-Suspension-Detector-Chassis-Road-Simulator.jpg_480x480.jpg,
197,Alineadoras 3D,Alineadora 3D,,"$3,200",1 set,2,XPROMISE High Standard Wheel Aligner Clamp 3D Car Wheel Alignment Aligner Machine for Sale for Car Workshop,https://www.alibaba.com/product-detail/XPROMISE-High-Standard-Wheel-Aligner-Clamp_10000017989566.html,https://s.alicdn.com/@sc04/kf/Ab498d7d6e0f24c04af17877076953e185/XPROMISE-High-Standard-Wheel-Aligner-Clamp-3D.jpg_480x480.jpg,
198,Simuladores de chasis,"Simulador de camino (detector de ruidos de chasis) · 4,000 kg",,"$3,000-3,100",1 set,,Chassis Road Simulator/Car Suspension Test Machine 4000kg Automobile Chassis Suspension Rattle Testing Equipment,https://www.alibaba.com/product-detail/Chassis-Road-Simulator-Car-Suspension-Test_1601398556943.html,https://s.alicdn.com/@sc04/kf/Hbc70e31f5ce94404947382307a3c1ff9V/Chassis-Road-Simulator-Car-Suspension-Test-Machine.jpg_480x480.jpg,
199,Balanceadoras,Balanceadora de ruedas,,$359-399,1 set,,New Trend Wheel Balancer Wheel Balancing Machine Wheel Balance Weight for Automobile Machinery,https://www.alibaba.com/product-detail/New-Trend-Wheel-Balancer-Wheel-Balancing_1601438764519.html,https://s.alicdn.com/@sc04/kf/H9fc661190c4d459fab344a539bd23bebP/New-Trend-Wheel-Balancer-Wheel-Balancing-Machine.jpg_480x480.jpg,
200,Balanceadoras,Balanceadora de ruedas,,$359-399,1 set,,Great Value for Money Wheel Balancer Wheel Balancing Machine Wheel Balance Weight for Automobile Machinery,https://www.alibaba.com/product-detail/Great-Value-for-Money-Wheel-Balancer_1601438623704.html,https://s.alicdn.com/@sc04/kf/He67b8cd6ad3840fab0657ee69e8dd587G/Great-Value-for-Money-Wheel-Balancer-Wheel.jpg_480x480.jpg,
201,Balanceadoras,Balanceadora de ruedas,,$359-399,1 set,,XPROMISE Best Seller Wheel Balancer Wheel Balancing Machine Wheel Balancing and Alignment Equipment for Automobile Maintenance,https://www.alibaba.com/product-detail/XPROMISE-Best-Seller-Wheel-Balancer-Wheel_1601438568565.html,https://s.alicdn.com/@sc04/kf/Hcce315c0b98e4b1280f60b3567007653W/XPROMISE-Best-Seller-Wheel-Balancer-Wheel-Balancing.jpg_480x480.jpg,
202,Desmontadoras de llantas,Desmontadora de llantas,,$700-774,1 set,,High Quality and Low Price Tire Changer Machine Tire Repair Machine Tire Changer Tools Car Repair Tool for Auto Repair,https://www.alibaba.com/product-detail/High-Quality-and-Low-Price-Tire_1601438549460.html,https://s.alicdn.com/@sc04/kf/Hb206f2941b9d4626b44edb5716ea0ef1D/High-Quality-and-Low-Price-Tire-Changer.jpg_480x480.jpg,
203,Desmontadoras de llantas,Desmontadora de llantas para moto,,$504-558,1 set,,Hot Sale Motorcycle Tire Changer Machine Tyre Changer Tire Changer and Balancer Combo for Auto Workshop,https://www.alibaba.com/product-detail/Hot-Sale-Motorcycle-Tire-Changer-Machine_1601438578131.html,https://s.alicdn.com/@sc04/kf/H240498f1f01940f7ad1549a7bc496a352/Hot-Sale-Motorcycle-Tire-Changer-Machine-Tyre.jpg_480x480.jpg,
204,Desmontadoras de llantas,Desmontadora de llantas · automática,,$570-630,1 set,,Hot Sale Tire Changers Machine Automatic Tire Changer Tire Changer and Balancer Combo for Vehicle Repair Equipment Tools,https://www.alibaba.com/product-detail/Hot-Sale-Tire-Changers-Machine-Automatic_1601428521936.html,https://s.alicdn.com/@sc04/kf/H8b0143de75374603babfb9c5f8d73249z/Hot-Sale-Tire-Changers-Machine-Automatic-Tire.jpg_480x480.jpg,
205,Desmontadoras de llantas,Desmontadora de llantas,,$522-576,1 set,,Chinese Manufacturer Customizable Auto Repair Tool Garage Equipment Tyre Changer Machine for Vehicle Repair,https://www.alibaba.com/product-detail/Chinese-Manufacturer-Customizable-Auto-Repair-Tool_1601428683214.html,https://s.alicdn.com/@sc04/kf/He0e5786252604c7a8716e27ce1d6aa8eA/Chinese-Manufacturer-Customizable-Auto-Repair-Tool-Garage.jpg,
206,Desmontadoras de llantas,Desmontadora de llantas,,$586-648,1 set,,Factory Direct Sales Tire Machine Auto Repair Equipment Tire Changer Machine Tire Repair Machine for Auto Garage Equipment,https://www.alibaba.com/product-detail/Factory-Direct-Sales-Tire-Machine-Auto_1601428714291.html,https://s.alicdn.com/@sc04/kf/Hed1ed7f0494a4e4491db604f5af4a7feo/Factory-Direct-Sales-Tire-Machine-Auto-Repair.jpg,
207,Desmontadoras de llantas,Desmontadora de llantas,,$896-990,1 set,,Hot Selling Tire Changer Machine Tire Repair Machine Tire Changer Tools Car Repair Tool for Car Maintenance Equipment,https://www.alibaba.com/product-detail/Hot-Selling-Tire-Changer-Machine-Tire_1601428802065.html,https://s.alicdn.com/@sc04/kf/H41064a41c6c445a989422c9d9844d998C/Hot-Selling-Tire-Changer-Machine-Tire-Repair.jpg,
208,Desmontadoras de llantas,"Desmontadora de llantas · manual, portátil",,"$1,628-1,800",1 set,,Excellent Quality Pneumatic Tire Changer Mobile Tire Changer Portable Manual Tyre Machine for Auto Workshop Equipment,https://www.alibaba.com/product-detail/Excellent-Quality-Pneumatic-Tire-Changer-Mobile_1601437378668.html,https://s.alicdn.com/@sc04/kf/He670607c17d94060ba49d09aacc297ecf/Excellent-Quality-Pneumatic-Tire-Changer-Mobile-Tire.jpg,
209,Desmontadoras de llantas,Desmontadora de llantas,,"$1,435-1,584",1 set,,Customizable High Quality and Low Price Tyre Changer Machine Tire Changer Tyre Machine,https://www.alibaba.com/product-detail/Customizable-High-Quality-and-Low-Price_1601437341748.html,https://s.alicdn.com/@sc04/kf/H22c450c941534620b6e78f9aee4fbde5k/Customizable-High-Quality-and-Low-Price-Tyre.jpg,
210,Desmontadoras de llantas,Desmontadora de llantas · manual,,"$1,416-1,566",1 set,,Great Value for Money Tire Machine Changer Manual Tire Changer Cheap Tyre Changer for Wholesale Car Repair Equipment,https://www.alibaba.com/product-detail/Great-Value-for-Money-Tire-Machine_1601437372525.html,https://s.alicdn.com/@sc04/kf/He436227cd990493fab2368dc1879a21cL/Great-Value-for-Money-Tire-Machine-Changer.jpg,
211,Desmontadoras de llantas,Desmontadora de llantas · automática,,"$1,010-1,116",1 set,,New Design High Quality Automatic Tire Changer Tire Mounting Machine Tire Balancer for Car Repair Equipment,https://www.alibaba.com/product-detail/New-Design-High-Quality-Automatic-Tire_1601437349519.html,https://s.alicdn.com/@sc04/kf/H3a4c49e0653946478d7b24352cd1065aE/New-Design-High-Quality-Automatic-Tire-Changer.jpg,
212,Combos desmontadora + balanceadora,Combo desmontadora + balanceadora,,"$1,343-1,485",1 set,,High Quality and Low Price Wheel Balancer Tire Changer Machine Combo Tire Changers Machine Automatic Tyre Changer for Car Repair,https://www.alibaba.com/product-detail/High-Quality-and-Low-Price-Wheel_1601437364344.html,https://s.alicdn.com/@sc04/kf/H01de4e076d524613bdc9e42e18e46c67v/High-Quality-and-Low-Price-Wheel-Balancer.jpg,
213,Desmontadoras de llantas,Desmontadora de llantas · automática,,$684-756,1 set,,New Design High Quality Automatic Tire Changer Tire Mounting Machine Tire Balancer for Car Repair Equipment,https://www.alibaba.com/product-detail/New-Design-High-Quality-Automatic-Tire_1601435288156.html,https://s.alicdn.com/@sc04/kf/H6721971ba3f5408a87de44aa63c8dd3dj/New-Design-High-Quality-Automatic-Tire-Changer.jpg,
214,Desmontadoras de llantas,Desmontadora de llantas,,"$1,092-1,206",1 set,,Factory Price Hot Sale Cheap Tire Changer Garage Equipment Tyre Changer Machine Automotive Tire Changer for Garage Equipment,https://www.alibaba.com/product-detail/Factory-Price-Hot-Sale-Cheap-Tire_1601435083410.html,https://s.alicdn.com/@sc04/kf/Hf564b7330eb0496d98adea516d0cd69d5/Factory-Price-Hot-Sale-Cheap-Tire-Changer.jpg,
215,Desmontadoras de llantas,Desmontadora de llantas,,"$1,218-1,346",1 set,,High Rigidity Hot Selling Workshop Equipment Tyre Repair Equipment Car Maintenance Equipment Tire Changing Machine,https://www.alibaba.com/product-detail/High-Rigidity-Hot-Selling-Workshop-Equipment_1601435178682.html,https://s.alicdn.com/@sc04/kf/H2acd7f52e75e4413bb9f3c77e0bdb87am/High-Rigidity-Hot-Selling-Workshop-Equipment-Tyre.jpg,
216,Bancadas de enderezado,Bancada de enderezado de chasis,,"$3,127-3,291",1 set,,Factory Directly Sale OEM CE Approved Cheap Car Bench Auto Body Repair Machine for Sale,https://www.alibaba.com/product-detail/Factory-Directly-Sale-OEM-CE-Approved_1600836651837.html,https://s.alicdn.com/@sc04/kf/H6949f6a4ec5d4bc3a6a8d6eb9fe477ecB/Factory-Directly-Sale-OEM-CE-Approved-Cheap.jpg,
217,Elevadores,Elevador de 2 postes,,"$1,185-1,247",1 piece,,Wholesale Price Automatic Hoist Durable to Use Two Post Lift With CE,https://www.alibaba.com/product-detail/Wholesale-Price-Automatic-Hoist-Durable-to_1600836693815.html,https://s.alicdn.com/@sc04/kf/H5fafed18f2ea4cb094ba4221a31fa3305/Wholesale-Price-Automatic-Hoist-Durable-to-Use.jpg,
218,Alineadoras 3D,Alineadora 3D para camión y autobús,,"$13,850",1 set,,China Factory Manufacturer Auto Truck Wheel Alignment Machine for Sale,https://www.alibaba.com/product-detail/China-Factory-Manufacturer-Auto-Truck-Wheel_1600875836351.html,https://s.alicdn.com/@sc04/kf/H0a0dccfec54b4e49a59c65ffc0ec98feR/China-Factory-Manufacturer-Auto-Truck-Wheel-Alignment.jpg,
219,"Gatos, herramientas y accesorios",Traviesa soporte de motor,,$18-20,2 sets,,Auto Tools and Equipment Heavy Duty Engine Support Load Leveler Double Beam Bar Stand Motor Traverse Lifter,https://www.alibaba.com/product-detail/Auto-Tools-and-Equipment-Heavy-Duty_1600450118336.html,https://s.alicdn.com/@sc04/kf/Hc6b96ef95fe14bac8b8f231e26903b3dZ/Auto-Tools-and-Equipment-Heavy-Duty-Engine.jpg_480x480.jpg,
220,Elevadores,Elevador de tijera para vehículos eléctricos · 10 t,,"$4,000-5,000",1 set,,Intelligent Hydraulic New Energy EV Cars Auto Car Lift 10t Vehicle Lift Hydraulic Scissor Truck Lift,https://www.alibaba.com/product-detail/Intelligent-Hydraulic-New-Energy-EV-Cars_1601395507092.html,https://s.alicdn.com/@sc04/kf/Hc37cff4f01a544ca8fe37e212a03bd46A/Intelligent-Hydraulic-New-Energy-EV-Cars-Auto.jpg_480x480.jpg,
221,Alineadoras 3D,Alineadora 3D para camión y autobús,,"$10,000-11,000",1 piece,,Truck Wheel Alignment Machine for Large Automotive Body Shop Use Truck 3d 4 Wheel Alignment Machine Aligner,https://www.alibaba.com/product-detail/Truck-Wheel-Alignment-Machine-for-Large_1600444524673.html,https://s.alicdn.com/@sc04/kf/H91a9bd25d60846658ec5677674cb6573A/Truck-Wheel-Alignment-Machine-for-Large-Automotive.jpg,
222,Elevadores,"Elevador de tijera · 4,000 kg",,"$1,280-1,350",1 piece,1,Car Parking Lift for Workshops 4000kg 1.4m Auto Car Scissor Lift Equipment,https://www.alibaba.com/product-detail/Car-Parking-Lift-for-Workshops-4000kg_1601390091994.html,https://s.alicdn.com/@sc04/kf/H7d2ec4708af945f6a7200932ce46d4d9o/Car-Parking-Lift-for-Workshops-4000kg-1.jpg,
223,Alineadoras 3D,Alineadora 3D · con elevador de 4 postes,,"$2,950",1 set,,OEM Brand Hydraulic Four Post Car Lift and Automotive Aligner Equipment 3d Wheel Alignment Machine for Sale,https://www.alibaba.com/product-detail/Sunmo-Oem-Brand-Hydraulic-Four-Post_1601385837702.html,https://s.alicdn.com/@sc04/kf/H0edad2a1d96148b597f5429c368a8dddG/Sunmo-Oem-Brand-Hydraulic-Four-Post-Car.jpg,
224,"Gatos, herramientas y accesorios",Raspador de llantas portátil,,$45,1 unit,,"Tire remover, portable tire scraping machine",https://www.alibaba.com/product-detail/Tire-remover-portable-tire-scraping-machine_1601383721095.html,https://s.alicdn.com/@sc04/kf/H1b7db16f888041d487123e91ffe6c901M/Tire-remover-portable-tire-scraping-machine.jpg_480x480.jpg,
225,Cabinas de pintura,Cabina de pintura,XP-681,"$6,450-6,737",1 set,,High Quality Economical Automotive Spray Booth/Car Paint Painting Room,https://www.alibaba.com/product-detail/High-Quality-Economical-Automotive-Spray-Booth_1601057480739.html,https://s.alicdn.com/@sc04/kf/H233cfd6cfa6d44a1a80a9baecd19d92c1/High-Quality-Economical-Automotive-Spray-Booth-Car.jpg,"Modelo: XP-681 | Marca: XPROMISE | Tipo: Cabina de pintura para autos | Medidas exteriores: 7.02 × 5.3 × 3.4 m | Potencia total: 24 kW | Potencia de pintura: 5 kW | Potencia de horneado: 24 kW | Calefacción: Infrarroja | Caudal de aire: 18,000 m³/h | Voltaje: 220/380V | Garantía: 1 año | Origen: Shandong, China"
226,Cabinas de pintura,Cabina de pintura,,"$7,300-7,714",1 set,,Hot Sale Best Quality Auto Spray Booth Car Painting Booth Paint Spray Booth,https://www.alibaba.com/product-detail/Hot-Sale-Best-Quality-Auto-Spray_1601058657141.html,https://s.alicdn.com/@sc04/kf/Hd4789bd1812345c59fa504d885c7cd1er/Hot-Sale-Best-Quality-Auto-Spray-Booth.jpg,
227,Elevadores,"Elevador móvil de 1 columna · 3,500 kg",,"$3,142-3,307",1 set,,Movable Single Post Car Lift 3500kg with CE Approved Car Hoist Auto Lift Equipment,https://www.alibaba.com/product-detail/Movable-Single-Post-Car-Lift-3500kg_1601052282967.html,https://s.alicdn.com/@sc04/kf/H4f87e7b23c5b46d2b4a7cf96f02bfd662/Movable-Single-Post-Car-Lift-3500kg-with.jpg_480x480.jpg,
228,Elevadores,Elevador de 2 postes · 4 t,,"$1,300-1,400",1 set,1,Professional Car Lifting Machine 4 Ton 2 Post Hydraulic Car Lift for Car Repairing,https://www.alibaba.com/product-detail/Professional-Car-Lifting-Machine-4-Ton_1601039391555.html,https://s.alicdn.com/@sc04/kf/H175b428a7a9b495ead0eb853535380e7K/Professional-Car-Lifting-Machine-4-Ton-2.jpg_480x480.jpg,
229,Elevadores,Elevador de 2 postes,,"$1,346-1,417",1 piece,1,Vehicle Repair Equipment Tools 2 Post Car Lift Hydraulic 2 Column Car Lifter,https://www.alibaba.com/product-detail/Vehicle-Repair-Equipment-Tools-2-Post_1601039366802.html,https://s.alicdn.com/@sc04/kf/He75cb69a5d38497aa0d2818aae047f54J/Vehicle-Repair-Equipment-Tools-2-Post-Car.jpg_480x480.jpg,
230,Elevadores,Elevador de 4 postes · para alineación,,"$2,400-2,450",1 set,,Garage Equipment Smart Car Auto Garage System Four Post Alignment Car Lift,https://www.alibaba.com/product-detail/Garage-Equipment-Smart-Car-Auto-Garage_1601072601283.html,https://s.alicdn.com/@sc04/kf/H4f59b991b2d34dba98283c937ee78dc4p/Garage-Equipment-Smart-Car-Auto-Garage-System.jpg_480x480.jpg,
231,Cabinas de pintura,Cabina de pintura,,"$28,780-29,286",1 set,,Hot Sale Car Spray Booths Paint Automotive Spray Paint Room Spray Paint Booth for Cars,https://www.alibaba.com/product-detail/Hot-Sale-Car-Spray-Booths-Paint_1601058888392.html,https://s.alicdn.com/@sc04/kf/H881c66f1f4344d0ebfdd6034ed3fb0bev/Hot-Sale-Car-Spray-Booths-Paint-Automotive.jpg,
232,Cabinas de pintura,Cabina de pintura · quemador de gas,,"$10,050-10,457",1 set,,Factory Direct Sales Gas Burner Auto Paint Booth Customized Spray Booth Spray Painting Booth,https://www.alibaba.com/product-detail/Factory-Direct-Sales-Gas-burner-Auto_1601058354895.html,https://s.alicdn.com/@sc04/kf/H2362ae2525a44691b50a15b38a013a68V/Factory-Direct-Sales-Gas-burner-Auto-Paint.jpg,
233,Alineadoras 3D,Alineadora 3D,,"$2,500-3,000",1 set,,High Accuracy Auto Maintenance Equipment 3D Car Wheel Alignment Machine for 4S Store,https://www.alibaba.com/product-detail/High-Accuracty-Auto-Maintenance-Equipment-3D_1601180801196.html,https://s.alicdn.com/@sc04/kf/Hf1f255400bc042998df854c552289f32j/High-Accuracty-Auto-Maintenance-Equipment-3D-Car.jpg_480x480.jpg,
234,Desmontadoras de llantas,Desmontadora de llantas,,$675-710,1 set,3,High Quality Tire Repair Equipment Tire Changing Tool Wheel Repair Machine Auto Workshop Equipment Tyre Changer Machine Price,https://www.alibaba.com/product-detail/High-Quality-Tire-Repair-Equipment-Tire_1601149857106.html,https://s.alicdn.com/@sc04/kf/Hf462f417102942f7912e178302a52f05w/High-Quality-Tire-Repair-Equipment-Tire-Changing.jpg,
235,Elevadores,Elevador de 2 postes,,"$1,200-1,300",1 set,,Hot Sale Two Post Car Lift Vehicle Repair Equipment Tools Auto Repair Tool Auto Lifting Machine Hydraulic Car Lifter Price,https://www.alibaba.com/product-detail/Hot-Sale-Two-Post-Car-Lift_1601124744925.html,https://s.alicdn.com/@sc04/kf/H77b9da294da941a398cf5eb49d256031o/Hot-Sale-Two-Post-Car-Lift-Vehicle.jpg,
236,Bancadas de enderezado,Bancada de enderezado de chasis,,"$5,700",1 set,,Factory Direct Sale Auto Repair Tool Chassis Straightening Bench Auto Body Frame Straightener Car Body Frame Machine,https://www.alibaba.com/product-detail/Factory-Direct-Sale-Auto-Repair-Tool_1601369821198.html,https://s.alicdn.com/@sc04/kf/Ha798087e9b2349549a788dceb806e4e4f/Factory-Direct-Sale-Auto-Repair-Tool-Chassis.jpg,
237,Elevadores,Elevador de 2 postes · estacionamiento,,"$1,041-1,096",1 set,,CE Approved Hydraulic Car Stacker Mechanical 2 Post Car Vehicle Lift,https://www.alibaba.com/product-detail/CE-Approved-Hydraulic-Car-Stacker-Mechanical_1601194126047.html,https://s.alicdn.com/@sc04/kf/H3f5759f9d7364aa79e23ef19019e7d7b0/CE-Approved-Hydraulic-Car-Stacker-Mechanical-2.jpg_480x480.jpg,
238,Alineadoras 3D,Alineadora 3D,,"$3,400-3,500",1 set,,Tire Shop Equipment Wheel Alignment Tire Changer Wheel Balancing Combo Garage Equipment,https://www.alibaba.com/product-detail/Tire-Shop-Equipment-Wheel-Alignment-Tire_1601181377153.html,https://s.alicdn.com/@sc04/kf/Hdb2ec71608f346b3bf04ee3db44525b8Z/Tire-Shop-Equipment-Wheel-Alignment-Tire-Changer.jpg_480x480.jpg,
239,Alineadoras 3D,Alineadora 3D,,"$3,400-3,500",1 set,,Factory Price for Automotive Equipments 3D New Promotion Car Wheel Alignment Machine,https://www.alibaba.com/product-detail/Factory-Price-for-Automotive-Equipments-3D_1601181182150.html,https://s.alicdn.com/@sc04/kf/H489b1074c4b94f0fab5e8f6c01ebc03es/Factory-Price-for-Automotive-Equipments-3D-New.jpg_480x480.jpg,
240,Bancadas de enderezado,Bancada de enderezado de chasis,,"$5,700",1 set,,New Design High Quality Auto Body Repair Equipment Auto Body Frame Machine Auto Straightening Bench,https://www.alibaba.com/product-detail/New-Design-High-Quality-Auto-Body_1601369848898.html,https://s.alicdn.com/@sc04/kf/Ha5d16d1535d44f41854a504248f0f0e6K/New-Design-High-Quality-Auto-Body-Repair.jpg,
241,Bancadas de enderezado,Bancada de enderezado de chasis,,"$5,700",1 set,,Workshop Equipment Frame Machine Car Body Frame Machine Car Bench Car Frame Machine Hydraulic Cylinder Repair Bench,https://www.alibaba.com/product-detail/Workshop-Equipment-Frame-Machine-Car-Body_1601369825657.html,https://s.alicdn.com/@sc04/kf/H14f1b85d4f494b56be6ceff406d35999n/Workshop-Equipment-Frame-Machine-Car-Body-Frame.jpg,
242,Bancadas de enderezado,Bancada de enderezado de chasis,,"$5,700",1 set,,High Quality Chassis Straightening Bench Auto Body Frame Straightener Workshop Equipment,https://www.alibaba.com/product-detail/High-Quality-Chassis-Straightening-Bench-Auto_1601369738676.html,https://s.alicdn.com/@sc04/kf/H0d6ec7cb43bc40738f7112d1a71e565f5/High-Quality-Chassis-Straightening-Bench-Auto-Body.jpg,
243,Elevadores,Elevador de 2 postes · piso libre,,"$1,041-1,096",1 set,,Car Lift Repair Hoist 2 Post Clear Floor Lift Double Cylinder Hydraulic Garage Lift,https://www.alibaba.com/product-detail/Car-Lift-Repair-Hoist-2-Post_1601194078158.html,https://s.alicdn.com/@sc04/kf/H623efa0e378a4589b2386c79cc16b3f5q/Car-Lift-Repair-Hoist-2-Post-Clear.jpg_480x480.jpg,
244,Elevadores,Elevador de 2 postes,,"$1,041-1,096",1 set,,CE Certified Auto Repair Car Hoist Car Lifting Machine 2 Post Double-Cylinder Hydraulic Car Lift,https://www.alibaba.com/product-detail/CE-Certified-Auto-Repair-Car-Hoist_1601193936504.html,https://s.alicdn.com/@sc04/kf/H6736c12609f840b8a1a95c2fa6fdb6a3f/CE-Certified-Auto-Repair-Car-Hoist-Car.jpg_480x480.jpg,
245,Alineadoras 3D,Alineadora 3D,,"$2,500-3,000",1 set,,3D Wheel Alignment Machine for Auto Repair/Wholesale Digital Alignment/Auto Alignment Machine,https://www.alibaba.com/product-detail/3D-Wheel-Alignment-Machine-for-Auto_1601180867013.html,https://s.alicdn.com/@sc04/kf/H0c90c17257cc4b5aab13742015430c11I/3D-Wheel-Alignment-Machine-for-Auto-Repair.jpg_480x480.jpg,
246,Bancadas de enderezado,Bancada de enderezado de chasis,,"$5,700",1 set,,Chinese Manufacturer Vehicle Repair Equipment Tools Chassis Straightening Bench Auto Body Repair Tool Frame Machine,https://www.alibaba.com/product-detail/Chinese-Manufacturer-Vehicle-Repair-Equipment-Tools_1601369823151.html,https://s.alicdn.com/@sc04/kf/Hd61e316d082a4d3f9aeaf6248e350cf8R/Chinese-Manufacturer-Vehicle-Repair-Equipment-Tools-Chassis.jpg,
247,Elevadores,Elevador de 2 postes · estacionamiento,,"$1,041-1,096",1 piece,,Garage Equipment Smart Car Auto Garage System Two Post Parking Car Lift,https://www.alibaba.com/product-detail/Garage-Equipment-Smart-Car-Auto-Garage_1601193889587.html,https://s.alicdn.com/@sc04/kf/Hb7996a71b4c34124bead77dc83033ca0U/Garage-Equipment-Smart-Car-Auto-Garage-System.jpg_480x480.jpg,
248,Bancadas de enderezado,Bancada de enderezado de chasis,,"$5,700",1 set,,Car Maintenance Equipment Undersale Car Body Frame Machine Car Bench Auto Body Repair Equipment,https://www.alibaba.com/product-detail/Car-Maintenance-Equipment-Undersale-Car-Body_1601370027819.html,https://s.alicdn.com/@sc04/kf/H3223b5000fa24549b3de94fa63cdbcdfx/Car-Maintenance-Equipment-Undersale-Car-Body-Frame.jpg,
249,Bancadas de enderezado,Bancada de enderezado de chasis,,"$5,700",1 set,,Frame Machine Car Body Frame Machine Car Frame Machine Hydraulic Cylinder Repair Bench Auto Body Shop Equipment,https://www.alibaba.com/product-detail/Frame-Machine-Car-Body-Frame-Machine_1601370011879.html,https://s.alicdn.com/@sc04/kf/Ha2b6d8f2d83345f19769c88f60dfc5b4X/Frame-Machine-Car-Body-Frame-Machine-Car.jpg,
250,Bancadas de enderezado,Bancada de enderezado de chasis,,"$5,700",1 set,,Hot Selling Auto Body Frame Straightener Car Body Frame Machine Car Bench Car Frame Machine,https://www.alibaba.com/product-detail/Hot-Selling-Auto-Body-Frame-Straightener_1601370075310.html,https://s.alicdn.com/@sc04/kf/Heb2e5def8f1744ea8c72fe95a7bbab0c1/Hot-Selling-Auto-Body-Frame-Straightener-Car.jpg,
251,Simuladores de chasis,Simulador de camino (detector de ruidos de chasis),,"$3,000-3,100",1 set,,Hot Sale Engine Analyzer Chassis Suspension Abnormal Sound Detection Equipment Car Chassis Road Simulator Comprehensive Tools,https://www.alibaba.com/product-detail/Hot-Sale-Engine-Analyzer-Chassis-Suspension_1601216029450.html,https://s.alicdn.com/@sc04/kf/H426652d9a958407793cb5845edc5b993m/Hot-Sale-Engine-Analyzer-Chassis-Suspension-Abnormal.jpg,
252,Simuladores de chasis,Simulador de camino (detector de ruidos de chasis),,"$3,000-3,100",1 set,,Factory Wholesale Price Chassis Road Simulator for Automobile Diagnosing Abnormal Noise,https://www.alibaba.com/product-detail/Factory-Wholesale-Price-Chassis-Road-Simulator_1601215943589.html,https://s.alicdn.com/@sc04/kf/Hd5c36f7e28f246589bf671ec3c4d8ffaG/Factory-Wholesale-Price-Chassis-Road-Simulator-for.jpg,
253,Simuladores de chasis,Simulador de camino (detector de ruidos de chasis),,"$3,000-3,100",1 set,,Automobile Chassis Suspension Machine Rolling Road Simulator Sound Detection Simulator Car Abnormal,https://www.alibaba.com/product-detail/Automobile-Chassis-Suspension-Machine-Rolling-Road_1601215887686.html,https://s.alicdn.com/@sc04/kf/H9cde8121522f441685d923461f725971K/Automobile-Chassis-Suspension-Machine-Rolling-Road-Simulator.jpg,
254,Simuladores de chasis,Simulador de camino (detector de ruidos de chasis),,"$3,000-3,100",1 set,,Automobile Chassis Suspension Rattle Testing Equipment Car Shaker Road Simulator,https://www.alibaba.com/product-detail/Automobile-Chassis-Suspension-Rattle-Testing-Equipment_1601215736977.html,https://s.alicdn.com/@sc04/kf/H7d689b128aad4c28add6c26fd3fe6dfag/Automobile-Chassis-Suspension-Rattle-Testing-Equipment-Car.jpg,
255,Simuladores de chasis,Simulador de camino (detector de ruidos de chasis),,"$3,000-3,100",1 set,,Car Chassis Suspension Abnormal Sound Detection Equipment Auto Chassis Road Simulator,https://www.alibaba.com/product-detail/Car-Chassis-Suspension-Abnormal-Sound-Detection_1601225579416.html,https://s.alicdn.com/@sc04/kf/He1d92a8370564b0d9eec989cef9a1e95d/Car-Chassis-Suspension-Abnormal-Sound-Detection-Equipment.jpg,
256,Simuladores de chasis,Simulador de camino (detector de ruidos de chasis),,"$3,000-3,100",1 set,,Hot Selling Automotive Testing Simulator Car Road Shaking Equipment Wholesaler,https://www.alibaba.com/product-detail/Hot-Selling-Automotive-Testing-Simulator-Car_1601225766020.html,https://s.alicdn.com/@sc04/kf/H6d8271fd608440ce84ea96b5c2df8b2cE/Hot-Selling-Automotive-Testing-Simulator-Car-Road.jpg,
257,Simuladores de chasis,Simulador de camino (detector de ruidos de chasis),,"$3,000-3,100",1 set,,Road Simulator Chassis Testing Equipment Vehicle Repair Automotive Shake Machine,https://www.alibaba.com/product-detail/Road-Simulator-Chassis-Testing-Equipment-Vehicle_1601230773956.html,https://s.alicdn.com/@sc04/kf/H29b9a37dc98e4db1ac8fa11fa399a635Z/Road-Simulator-Chassis-Testing-Equipment-Vehicle-Repair.jpg,
258,Simuladores de chasis,Simulador de camino (detector de ruidos de chasis),,"$3,000-3,100",1 set,,2024 Chassis Suspension Abnormal Noise Tester Abnormal Noise Detection Equipment Chassis Road Simulator Shaker,https://www.alibaba.com/product-detail/2024-Chassis-Suspension-Abnormal-Noise-Tester_1601231083166.html,https://s.alicdn.com/@sc04/kf/H6803b94b6e0f46e49e5be814b2a33aa9i/2024-Chassis-Suspension-Abnormal-Noise-Tester-Abnormal.jpg,
259,Simuladores de chasis,Simulador de camino (detector de ruidos de chasis),,"$3,000-3,100",1 set,,Automatic Wholesale Price Customized Available Chassis Road Simulator Machine for Sale,https://www.alibaba.com/product-detail/Automatic-Wholesale-Price-Customized-Available-Chassis_1601246130988.html,https://s.alicdn.com/@sc04/kf/H0184e7fcdc5d491ebb84197c89978389j/Automatic-Wholesale-Price-Customized-Available-Chassis-Road.jpg,
260,Simuladores de chasis,Simulador de camino (detector de ruidos de chasis),,"$3,000-3,100",1 set,,Car Shaking Machine Chassis Suspension Abnormal Noise Detector,https://www.alibaba.com/product-detail/Car-Shaking-Machine-Chassis-Suspension-Abnormal_1601246125967.html,https://s.alicdn.com/@sc04/kf/H7a82b8d03d9544e38853514a412addacc/Car-Shaking-Machine-Chassis-Suspension-Abnormal-Noise.jpg,
261,Simuladores de chasis,Simulador de camino (detector de ruidos de chasis),,"$3,000-3,100",1 set,,Chassis Suspension Abnormal Noise Car Detector Tester Machine Rolling Road Simulator,https://www.alibaba.com/product-detail/Chassis-Suspension-Abnormal-Noise-Car-Detector_1601246421096.html,https://s.alicdn.com/@sc04/kf/H568cafb3e52b450aa1ec2d0e51252554Y/Chassis-Suspension-Abnormal-Noise-Car-Detector-Tester.jpg,
262,Alineadoras 3D,Alineadora 3D para camión y autobús,XP-A12,"$11,000-11,500",1 set,,Truck Wheel Alignment XP-A12,https://www.alibaba.com/product-detail/Truck-Wheel-Alignment-XP-A12-Car_1601241140630.html,https://s.alicdn.com/@sc04/kf/Hf08873981720419482024c35ed2592f5R/Truck-Wheel-Alignment-XP-A12-Car-Tire.jpg,
263,"Fluidos, A/C y limpieza",Recuperadora de refrigerante A/C,,"$1,500-1,600",1 set,,Car A/C R134a Flushing Refrigerant Recycling Machine,https://www.alibaba.com/product-detail/Car-A-C-R134a-Flushing-Refrigerant_1601221108063.html,https://s.alicdn.com/@sc04/kf/H84c527ded410478e9d66b855d19d81c1O/Car-A-C-R134a-Flushing-Refrigerant-Recycling.jpg_480x480.jpg,
264,"Fluidos, A/C y limpieza",Recuperadora de refrigerante A/C,X545,"$1,500-1,600",1 set,2,Car A/C R134a With Flushing Refrigerant Recycling Machine for Sell,https://www.alibaba.com/product-detail/Car-A-C-R134a-With-Flushing_1601220875570.html,https://s.alicdn.com/@sc04/kf/Hbe04e8dc30724525931e07bbdefe3597j/Car-A-C-R134a-With-Flushing-Refrigerant.jpg_480x480.jpg,"Modelo: X545 | Tipo: Recuperadora/recicladora de refrigerante R134a con lavado | Pantalla: Táctil 7"" | Alimentación: 220V / 50Hz | Compresor: 3/8 HP | Bomba de vacío: 120 L/min | Eficiencia de recuperación: >95% | Precisión de carga: ±10 g | Capacidad del filtro secador: 100 kg | Vida del aceite de bomba: 600 min | Manguera de servicio: 2.5 m | Color: Azul | Origen: China"
265,Alineadoras 3D,Alineadora 3D para camión y autobús · portátil,,"$11,000-11,500",1 set,,Portable 3D Truck Alignment System Mobile Truck Wheel Alignment Device,https://www.alibaba.com/product-detail/Portable-3D-Truck-Alignment-System-Mobile_1601207090083.html,https://s.alicdn.com/@sc04/kf/H8aa86a8b911f472ebf6978af50f5df598/Portable-3D-Truck-Alignment-System-Mobile-Truck.jpg,
266,Desmontadoras de llantas,Desmontadora de llantas para camión,,$359-399,1 set,1,Tire Changer and Wheel Balancer Tyre Machine and Wheel Balancer Machine Truck,https://www.alibaba.com/product-detail/Tire-Changer-and-Wheel-Balancer-Tyre_1601206836163.html,https://s.alicdn.com/@sc04/kf/Hc0d35f7c4f17460cad6747e6374ec4e4b/Tire-Changer-and-Wheel-Balancer-Tyre-Machine.jpg,
267,Balanceadoras,Balanceadora de ruedas,,$359-399,1 set,4,Auto Repair Equipment Wheel Balancer Hot Sell for Car Service Shop,https://www.alibaba.com/product-detail/Auto-Repair-Equipment-Wheel-Balancer-Hot_1601206746217.html,https://s.alicdn.com/@sc04/kf/Had752a96bb4848868d5fd58dbc999b5cz/Auto-Repair-Equipment-Wheel-Balancer-Hot-Sell.jpg,
268,Alineadoras 3D,Alineadora 3D · con elevador de 4 postes,,"$3,400-3,500",1 set,3,Wheel Alignment Machine and Four Post Lift for Sale,https://www.alibaba.com/product-detail/Wheel-Alignment-Machine-and-Four-Post_1601201777794.html,https://s.alicdn.com/@sc04/kf/H4d988b11e63f45ffbb5499fc83d5eec7h/Wheel-Alignment-Machine-and-Four-Post-Lift.jpg,
269,Alineadoras 3D,Alineadora 3D,,"$2,950-2,960",1 set,2,Automatic Four Wheel Alignment for Car High Quality Car Alignment with CE,https://www.alibaba.com/product-detail/Automatic-Four-Wheel-Alignment-for-Car_1601201770785.html,https://s.alicdn.com/@sc04/kf/Hdce995345f684c02ae804a362f78288eR/Automatic-Four-Wheel-Alignment-for-Car-High.jpg,
270,Alineadoras 3D,Alineadora 3D,,"$2,950-2,960",1 set,1,Wheel Alignment Equipment Electric Adjustable 3D Four Wheel Alignment,https://www.alibaba.com/product-detail/Wheel-Alignment-Equipment-Electric-Adjustable-3D_1601201886561.html,https://s.alicdn.com/@sc04/kf/H988dc0a0620640c4ad6cda82a7ed8d3bp/Wheel-Alignment-Equipment-Electric-Adjustable-3D-Four.jpg,
271,Alineadoras 3D,Alineadora 3D,,"$2,950-2,960",1 set,1,4 Wheel Alignment for Car Aligner Service,https://www.alibaba.com/product-detail/4-Wheel-Alignment-for-Car-Aligner_1601202076249.html,https://s.alicdn.com/@sc04/kf/H12a223e561f44b4984a9685987e41913N/4-Wheel-Alignment-for-Car-Aligner-Service.jpg,
272,Alineadoras 3D,Alineadora 3D para camión y autobús,,"$11,000-11,500",1 set,,3D Truck Wheel Balancer Alignment Machine with CE Approved,https://www.alibaba.com/product-detail/3D-Truck-Wheel-Balancer-Alignment-Machine_1601189989895.html,https://s.alicdn.com/@sc04/kf/Hf7c4d31151304f1c9fe0b1367aad8226g/3D-Truck-Wheel-Balancer-Alignment-Machine-with.jpg,
273,Balanceadoras,Balanceadora de ruedas · semiautomática,,$359-399,1 set,,Auto Repair Equipment Semi-Automatic Balancing Machine Car Wheel Balancer,https://www.alibaba.com/product-detail/Auto-Repair-Equipment-Semi-Automatic-Balancing_1601190122563.html,https://s.alicdn.com/@sc04/kf/H60fcc3c2c7bd4da594f05ac0209811c9L/Auto-Repair-Equipment-Semi-Automatic-Balancing-Machine.jpg,
274,Elevadores,Elevador de 2 postes · piso libre,,"$1,350-1,400",1 piece,,XPROMISE Automatic Clear Floor Two Post Lift with CE Certification Air Compressor,https://www.alibaba.com/product-detail/XPROMISE-Automatic-Clear-Floor-Two-Post_1601187276006.html,https://s.alicdn.com/@sc04/kf/Hd880322ba6964d5ba09008db02a47a19a/XPROMISE-Automatic-Clear-Floor-Two-Post-Lift.jpg_480x480.jpg,
275,Elevadores,Elevador de 2 postes · piso libre,,"$1,350-1,400",1 piece,,XPROMISE Automatic Clear Floor Two Post Lift with CE Certification,https://www.alibaba.com/product-detail/XPROMISE-Automatic-Clear-Floor-Two-Post_1600404986665.html,https://s.alicdn.com/@sc04/kf/H7592377b8e734795a3f33ed3955d74a8p/XPROMISE-Automatic-Clear-Floor-Two-Post-Lift.jpg,
276,Elevadores,Elevador de 2 postes · estacionamiento,,"$1,800-2,000",1 set,,New Design Two Post Car Parking Lift System for Home Garage Equipment for Car Work Shop,https://www.alibaba.com/product-detail/New-Design-Two-Post-Car-Parking_1600515408874.html,https://s.alicdn.com/@sc04/kf/H0db01ad2aaf04e489060914214c078ffD/New-Design-Two-Post-Car-Parking-Lift.jpg,
277,Elevadores,"Elevador de 2 postes · piso libre, 5 t",,"$1,200-1,300",1 set,,5T Capacity Car Hoist Hydraulic Automatic Clear Floor Gantry 2 Poles Vehicle Elevators Two Post Lift,https://www.alibaba.com/product-detail/5T-Capacity-Car-Hoist-Hydraulic-Automatic_1600969166640.html,https://s.alicdn.com/@sc04/kf/H2babe5d1ebab40f1821a9b605f8b472fj/5T-Capacity-Car-Hoist-Hydraulic-Automatic-clear.jpg,
278,Elevadores,"Elevador de tijera · ultradelgado, para alineación, 3 t",,"$1,700-1,900",1 set,,Garage on Ground 3 Ton Scissor Car Lift Alignment Hydraulic Car Lift Auto Scissor Boom Garage Equipment,https://www.alibaba.com/product-detail/Garage-on-Ground-3-Ton-Scissor_1601115839608.html,https://s.alicdn.com/@sc04/kf/Hda1a1252910f40969f79d4757c8e78439/Garage-on-Ground-3-Ton-Scissor-Car.jpg,
279,Elevadores,Elevador de tijera,,"$2,603-2,740",1 piece,,Auto Scissor Boom Garage Equipment Auto Body Tyre Maintenance Scissor Lift Car Lifting Machine,https://www.alibaba.com/product-detail/Auto-Scissor-Boom-Garage-Equipment-Auto_1601116255098.html,https://s.alicdn.com/@sc04/kf/H95cfdf9a7cb44ffb9cec32783c845d3fB/Auto-Scissor-Boom-Garage-Equipment-Auto-Body.jpg,
280,Elevadores,Elevador de tijera · para alineación,,"$4,398-4,630",1 piece,,Hydraulic Quick Auto Car Jack Scissor Wheel Aligner Alignment Lift Quality Equipment 1.4 M Shear Lift Lengthening,https://www.alibaba.com/product-detail/Hydraulic-Quick-Auto-Car-Jack-Scissor_1601115807671.html,https://s.alicdn.com/@sc04/kf/H2d11f825967643c8963d92e9c83dfdd03/Hydraulic-Quick-Auto-Car-Jack-Scissor-Wheel.jpg,
281,Elevadores,Elevador de tijera · para alineación,,"$1,885-1,984",1 piece,,Custom-Made Hydraulic Car Elevator Scissor Car Lift Alignment Hydraulic Car Lift,https://www.alibaba.com/product-detail/Custom-Made-Hydraulic-Car-Elevator-Scissor_1601116207170.html,https://s.alicdn.com/@sc04/kf/H7d620908c31e4c9e862dc39734c1c69e1/Custom-Made-Hydraulic-Car-Elevator-Scissor-Car.jpg,
282,Alineadoras 3D,Alineadora 3D,,"$2,560-2,590",1 set,,Garage Equipment Wheel Alignment Machine Wheel Alignment Clamps,https://www.alibaba.com/product-detail/Garage-Equipment-Wheel-Alignment-Machine-Wheel_1601104006190.html,https://s.alicdn.com/@sc04/kf/Hf9772ac59d8246658e760e49e4c0532bj/Garage-Equipment-Wheel-Alignment-Machine-Wheel-Alignment.jpg,
283,Elevadores,Elevador de tijera,,"$3,000-3,300",1 set,,Cheap Ground Mounted Full Rise Auto Hoist Hydraulic Double Platform Stationary Scissors Car Lift,https://www.alibaba.com/product-detail/Cheap-Ground-Mounted-Full-Rise-Auto_1601095659491.html,https://s.alicdn.com/@sc04/kf/H15ea07dd03584d798b11aa6e9a34ca174/Cheap-Ground-Mounted-Full-Rise-Auto-Hoist.jpg,
284,Alineadoras 3D,Alineadora 3D para camión y autobús,,"$13,653-14,372",1 set,,Big Monitor China Factory Precision Customized 3D Truck Wheel Alignment Machine,https://www.alibaba.com/product-detail/Big-Monitor-China-Factory-Precision-Customized_1601095707176.html,https://s.alicdn.com/@sc04/kf/H74813b397ec84894b5b36011e877f2dfh/Big-Monitor-China-Factory-Precision-Customized-3D.jpg,
285,Elevadores,"Elevador de 2 postes · brazos asimétricos, 5.5 t",,"$2,100-2,200",1 set,,5.5 Tons with Asymmetrical Lifting Arms Two Post Car Lift,https://www.alibaba.com/product-detail/5-5-Tons-with-Asymmetrical-Lifting_1601095289981.html,https://s.alicdn.com/@sc04/kf/H313eb2fbaed54a07b8618bd2728671f3E/5-5-Tons-with-Asymmetrical-Lifting-Arms.jpg,
286,Elevadores,Elevador de 4 postes,,"$2,150-2,250",1 piece,,CE Approved Factory Sale Home Garage Automatic Park System Two Four Post Auto Lift Car Lift Jack,https://www.alibaba.com/product-detail/CE-Approved-Factory-Sale-Home-Garage_1601074673044.html,https://s.alicdn.com/@sc04/kf/H602e8df2a65645dbb99b5d6fb88bb9a95/CE-Approved-Factory-Sale-Home-Garage-Automatic.jpg,
287,Balanceadoras,Balanceadora de ruedas,,$369-409,1 set,,High-Precision Spindle Wheel Balancer Tyre Dynamic Balancing Machine with Motherboard Module,https://www.alibaba.com/product-detail/High-Precision-Spindle-Wheel-Balancer-Tyre_1600561999252.html,https://s.alicdn.com/@sc04/kf/H8f414e4088ce44cdb2b7cda6188effddw/High-Precision-Spindle-Wheel-Balancer-Tyre-Dynamic.jpg,
288,Combos desmontadora + balanceadora,Combo desmontadora + balanceadora,XP-570B,$900-947,1 set,,XPROMISE Wheel Balancer Machine and Tire Changer Machine Combo Automatic Wheel Balancer,https://www.alibaba.com/product-detail/XPROMISE-Wheel-Balancer-Machine-and-Tire_1601030563396.html,https://s.alicdn.com/@sc04/kf/Hb643fb05e6b64a0cade6577d6124ac0dz/XPROMISE-Wheel-Balancer-Machine-and-Tire-Changer.jpg,"Modelo: XP-570B | Marca: XPROMISE | Tipo: Balanceadora automática | Peso máx. de rueda: 75 kg | Potencia: 0.25 kW | Alimentación: 110V/220V 50/60Hz | Ciclo de balanceo: 8 s | Velocidad de balanceo: 200 rpm | Precisión: ±1 g | Diámetro máx. de rueda: 1000 mm | Diámetro de rin: 8-28"" | Ancho de rin: 1.5-20"" | Peso neto/bruto: 100/122 kg | Medidas de empaque: 950×700×1150 mm | Garantía: 18 meses | Origen: Shandong, China"
289,Desmontadoras de llantas,Desmontadora de llantas · brazo oscilante,,$387-427,1 set,,Good Price for Swing Arm Tire Changer with Wheel Balancer Tire Repair Machine,https://www.alibaba.com/product-detail/Good-Price-for-Swing-Arm-Tire_1601030615238.html,https://s.alicdn.com/@sc04/kf/Hdeb662fbd6f14cf59ca9e6d40504c006V/Good-Price-for-Swing-Arm-Tire-Changer.jpg,
290,Balanceadoras,Balanceadora de ruedas,,$450-492,1 set,,XPROMISE Garage Equipment Wheel Balancing Machine Car Wheel Balancer,https://www.alibaba.com/product-detail/XPROMISE-Garage-Equipment-Wheel-Balancing-Machine_1600884244246.html,https://s.alicdn.com/@sc04/kf/Hb4ea4c35c8df4734bb3960ba64fdb45fy/XPROMISE-Garage-Equipment-Wheel-Balancing-Machine-Car.jpg,
291,Combos desmontadora + balanceadora,Combo desmontadora + balanceadora,,"$1,130-1,170",1 set,,Workshop Tyre Shop Equipment and Tools Tire Service Package Solution Tire Changers and Wheel Balancers Combo,https://www.alibaba.com/product-detail/Workshop-Tyre-Shop-Equipment-and-Tools_1600535201967.html,https://s.alicdn.com/@sc04/kf/H854b2272cfa54f3fb6175ede1b80cc2ds/Workshop-Tyre-Shop-Equipment-and-Tools-Tire.jpg,
292,Desmontadoras de llantas,"Desmontadora de llantas · automática, brazo oscilante",,$550-594,1 set,,Best Semi Touchless/Swing Arm Automatic Tyre Changer of Garage Equipment Industry,https://www.alibaba.com/product-detail/Best-Semi-Touchless-Swing-Arm-Automatic_1600427747807.html,https://s.alicdn.com/@sc04/kf/H962e38e97b8a4c4dba78eafb2f0b1f11X/Best-Semi-Touchless-Swing-Arm-Automatic-Tyre.jpg,
293,Elevadores,"Elevador de 2 postes · 4,000 kg",,"$1,113-1,172",1 set,,Car Hoist 2 Post Lift Vehicle Two Post Car Lifting Machine 4000kg Capacity,https://www.alibaba.com/product-detail/Car-Hoist-2-Post-Lift-Vehicle_1601061614271.html,https://s.alicdn.com/@sc04/kf/Hd64879fa76424ed78c25c1294981e138A/Car-Hoist-2-Post-Lift-Vehicle-Two.jpg,
294,Elevadores,Elevador de 2 postes · piso libre,,"$1,041-1,096",1 piece,,One Side Manual Release Clear Floor Sensor Two Post Car Lift Car Lift Jack,https://www.alibaba.com/product-detail/One-Side-Manual-Release-Clear-Floor_1601061557339.html,https://s.alicdn.com/@sc04/kf/Hbe6b9a82f46646e18955bdf7a7d5c36fl/One-Side-Manual-Release-Clear-Floor-Sensor.jpg,
295,Desmontadoras de llantas,Desmontadora de llantas,,$777-817,1 unit,,Fitting Changing Equipment Tire Dismount Machine Car Tyre Changer Used in Car Tire Work Shop,https://www.alibaba.com/product-detail/Fitting-Changing-Equipment-Tire-Dismount-Machine_1600552783210.html,https://s.alicdn.com/@sc04/kf/H0d1d6f64abc24f6e93316a34e5a82c0cL/Fitting-Changing-Equipment-Tire-Dismount-Machine-Car.jpg,
296,Desmontadoras de llantas,Desmontadora de llantas · automática,,$740-780,1 set,,"Best Price China Car Tyre Changer Machine Cheap Price 10-24"" Automatic Tire Changer",https://www.alibaba.com/product-detail/Best-Price-China-Car-Tyre-Changer_1600812519625.html,https://s.alicdn.com/@sc04/kf/H45f84bac69aa40d5a2def53f4f3674bem/Best-Price-China-Car-Tyre-Changer-Machine.jpg,
297,Combos desmontadora + balanceadora,Combo desmontadora + balanceadora,,$517-557,1 unit,,Tire Machine and Balancer Combo Tyre Changer Car Tyre Mounting/Demounting Machine,https://www.alibaba.com/product-detail/Tire-Machine-and-Balancer-Combo-Tyre_1600869349821.html,https://s.alicdn.com/@sc04/kf/H1a7f9c1617124a0db79779fe5788c7b7U/Tire-Machine-and-Balancer-Combo-Tyre-Changer.jpg,
298,Desmontadoras de llantas,"Desmontadora de llantas · automática, con brazo auxiliar",,$666-706,1 set,,Automatic Tire Changer With Wheel Arm Helper Tire Repair Machine With CE,https://www.alibaba.com/product-detail/Automatic-Tire-Changer-With-Wheel-Arm_1600695104596.html,https://s.alicdn.com/@sc04/kf/H72a8d4ffced5496fa3d776b2e6e6173aT/Automatic-Tire-Changer-With-Wheel-Arm-Helper.jpg,
299,Desmontadoras de llantas,Desmontadora de llantas · brazo oscilante,,$700-743,1 unit,,Swing Arm Touchless Tyre Changer Repair Machine Mobile Car Tyre Changer Used in Car Tire Work Shop,https://www.alibaba.com/product-detail/Swing-Arm-Touchless-Tyre-Changer-Repair_1601025960836.html,https://s.alicdn.com/@sc04/kf/H7858f3abecae416a993edf05de069c27Q/Swing-Arm-Touchless-Tyre-Changer-Repair-Machine.jpg,
300,Desmontadoras de llantas,Desmontadora de llantas · semiautomática,,"$1,200-1,263",1 unit,,Factory Price Semi Automatic Tire Changer Tire Changing Machine Tire Repair Machine for Sale,https://www.alibaba.com/product-detail/Factory-Price-Semi-Automatic-Tire-Changer_1601026042574.html,https://s.alicdn.com/@sc04/kf/H6cec5a9864eb49418b485797f60040a6f/Factory-Price-Semi-Automatic-Tire-Changer-Tire.jpg,
301,Desmontadoras de llantas,Desmontadora de llantas · con brazo auxiliar,,"$960-1,040",1 unit,,CE Certification Helping Arm Auto Tyre Changer/Tire Repair Machine,https://www.alibaba.com/product-detail/CE-Certification-Helping-Arm-Auto-Tyre_1601026114276.html,https://s.alicdn.com/@sc04/kf/Hfbe2d3df837f46cda3a3c17798936f6c4/CE-Certification-Helping-Arm-Auto-Tyre-Changer.jpg,
302,Desmontadoras de llantas,Desmontadora de llantas · automática,,$830-873,1 unit,,Fully Automatic Tire Changer and Wheel Balancing Machine Tire Repair Machine,https://www.alibaba.com/product-detail/Fully-Automatic-Tire-Changer-and-Wheel_1601026132473.html,https://s.alicdn.com/@sc04/kf/Hac7b9d9d79714e368a173109b4d489ddK/Fully-Automatic-Tire-Changer-and-Wheel-Balancing.jpg,
303,Desmontadoras de llantas,Desmontadora de llantas · automática,,$550-594,1 unit,,"China 12-26"" Tire Changer Machine Automatic Tire Changer Tire Changer and Balancer Combo for Sale",https://www.alibaba.com/product-detail/China-12-26-Tire-Changer-Machine_1601026707918.html,https://s.alicdn.com/@sc04/kf/H586bca1107e249678691370548a7452bV/China-12-26-Tire-Changer-Machine-Automatic.jpg,
304,Desmontadoras de llantas,Desmontadora de llantas · sin palanca,,$720-761,1 unit,,Hot Sale Pneumatic Touchless and Leverless Tire Changer Tire Repair Machine,https://www.alibaba.com/product-detail/Hot-Sale-Pneumatic-Touchless-and-Leverless_1601026742956.html,https://s.alicdn.com/@sc04/kf/He21c797adee74f5c8f7b32f78e9267b0l/Hot-Sale-Pneumatic-Touchless-and-Leverless-Tire.jpg,
305,Desmontadoras de llantas,Desmontadora de llantas,,"$1,130-1,189",1 unit,,Hot Sale Tire Changer for Car & Auto Tire Changing Machine,https://www.alibaba.com/product-detail/Hot-Sale-Tire-Changer-for-Car_1600552624662.html,https://s.alicdn.com/@sc04/kf/Hc4e44eadceec4836bf5ba1ba0cd0b03eh/Hot-Sale-Tire-Changer-for-Car-Auto.jpg,
306,Desmontadoras de llantas,Desmontadora de llantas,,$920-984,1 unit,,"Low Price 10""-24"" Tire Changer Machine for Car & Auto",https://www.alibaba.com/product-detail/Low-Price-10-24-Tire-Changer_1600586793089.html,https://s.alicdn.com/@sc04/kf/H402cd1dc256f4c72b3c98c35d9151be24/Low-Price-10-24-Tire-Changer-Machine.jpg,
307,Alineadoras 3D,Alineadora 3D para camión y autobús · con viga elevadora,,"$11,000-11,500",1 set,,Truck 3D 4 Wheel Alignment Machine Wheel Aligner Front Alignment Advanced Lifting Cabinet,https://www.alibaba.com/product-detail/Truck-3D-4-Wheel-Alignment-Machine_1601054579051.html,https://s.alicdn.com/@sc04/kf/H2aefd2cc138b4975b8b7ab072c370b53N/Truck-3D-4-Wheel-Alignment-Machine-Wheel.jpg,
308,Elevadores,Elevador de 2 postes,,"$1,239-1,304",1 set,,Good Price Two Post Lift Automotive Lifts for Sale Hydraulic Auto Lift Automotive Equipment Car Tools,https://www.alibaba.com/product-detail/Good-Price-Two-Post-Lift-Automotive_1601053514888.html,https://s.alicdn.com/@sc04/kf/H74c84949ebb54ada96ddc8ddf9ada9ech/Good-Price-Two-Post-Lift-Automotive-Lifts.jpg,
309,Balanceadoras,Balanceadora de ruedas,XP-560C,$307-399,1 set,,Wheel Balancer / Wheel Balancing Machine / Tire Balancing Machine XP-560C,https://www.alibaba.com/product-detail/Wheel-Balancer-wheel-Balancing-Machine-tire_1601053393286.html,https://s.alicdn.com/@sc04/kf/H8821d69f0b374f1cb945b4035dd81e5fX/Wheel-Balancer-wheel-Balancing-Machine-tire-Balancing.jpg,
310,Balanceadoras,Balanceadora de ruedas · automática,,$307-399,1 set,,Garage Equipments Tire Service Machine Automatic Wheel Balancer Tyre Balancing Machine,https://www.alibaba.com/product-detail/Garage-Equipments-Tire-Service-Machine-Automatic_1601053338445.html,https://s.alicdn.com/@sc04/kf/Ha1c2f6709dad438fb1d95114c9225c68u/Garage-Equipments-Tire-Service-Machine-Automatic-Wheel.jpg,
311,Desmontadoras de llantas,Desmontadora de llantas para camión,,"$2,300-2,400",1 set,,14-26'' Heavy Duty Tire Remover Truck Tire Changer Machine with CE,https://www.alibaba.com/product-detail/14-26-Heavy-Duty-Tire-Remover_1601053519060.html,https://s.alicdn.com/@sc04/kf/H33e0cadebc164e588a5a4446614e4551J/14-26-Heavy-Duty-Tire-Remover-Truck.jpg,
312,Balanceadoras,Balanceadora de ruedas para moto · manual,,$307-399,1 set,,Manual 3D Wheel Alignment Motorcycle Wheel Tyre Changer Tire Balancer with Monitor,https://www.alibaba.com/product-detail/Manual-3D-Wheel-Alignment-Motorcycle-Wheel_1601048880200.html,https://s.alicdn.com/@sc04/kf/H04e71cd82e78421595d28019ef7f4b68f/Manual-3D-Wheel-Alignment-Motorcycle-Wheel-Tyre.jpg,
313,Desmontadoras de llantas,Desmontadora de llantas para camión,,"$2,200-2,350",1 set,,Car Repair Equipment Truck Tire Changer,https://www.alibaba.com/product-detail/Car-Repair-Equipment-Truck-Tire-Changer_1601048463910.html,https://s.alicdn.com/@sc04/kf/H54b5fb2cc1d84fc1834e4dbbcb28678bz/Car-Repair-Equipment-Truck-Tire-Changer-Tyer.jpg,
314,Desmontadoras de llantas,Desmontadora de llantas,,$600-750,1 set,,China Manufacturer Tire Changer One Stop Supply Garage Equipments and Tools,https://www.alibaba.com/product-detail/China-Manufacturer-Tire-Changer-One-Stop_1601048634027.html,https://s.alicdn.com/@sc04/kf/H236d3d92a2a74a59be9394c378926a46E/China-Manufacturer-Tire-Changer-One-Stop-Supply.jpg,
315,Balanceadoras,Balanceadora de ruedas · automática,,$307-399,1 set,,High Precision Automatic Dynamic Balance Static Balancer,https://www.alibaba.com/product-detail/High-Precision-Automatic-Dynamic-Balance-Static_1601044238996.html,https://s.alicdn.com/@sc04/kf/H188cbb27848945c9aa5fe8d979b85866d/High-Precision-Automatic-Dynamic-Balance-Static-Balancer.jpg,
316,Elevadores,"Elevador de 2 postes · 4,000 kg",,"$1,040-1,100",1 set,,Xpromise CE Car Repair Equipment Two Post Car Lift Car Lifter for Workshops Garage Equipment 4000kg,https://www.alibaba.com/product-detail/Xpromise-CE-Car-Repair-Equipment-Two_1601044326149.html,https://s.alicdn.com/@sc04/kf/H7aef6dd82a564477944d67bce3f54153W/Xpromise-CE-Car-Repair-Equipment-Two-Post.jpg,
317,Balanceadoras,Balanceadora de ruedas · con láser,,$307-399,1 set,,Wheel Balancer Machine with Laser Feature,https://www.alibaba.com/product-detail/Wheel-Balancer-Machine-with-Laser-Feature_1601034732774.html,https://s.alicdn.com/@sc04/kf/He4e5066f47384bdfaa36a5cf10b2ed22n/Wheel-Balancer-Machine-with-Laser-Feature.jpg,
318,Alineadoras 3D,Alineadora 3D,,"$2,800-2,900",1 set,,Wheel 3D Wheel Aligner Car Repair Tool Economical Car 3D Wheel Alignment/Aligner Machine,https://www.alibaba.com/product-detail/Wheel-3D-Wheel-Aligner-Car-Repair_1601034260575.html,https://s.alicdn.com/@sc04/kf/Hf55e06e0fdf747c6a313bd5c47eb19c8Y/Wheel-3D-Wheel-Aligner-Car-Repair-Tool.jpg,
319,Alineadoras 3D,Alineadora 3D · con elevador de 4 postes,,"$2,800-2,900",1 set,,Computerized Wheel Alignment Machine 2 Post Car Lift 4 Post Car Lift and 3D Wheel Alignment Machine,https://www.alibaba.com/product-detail/Computerized-Wheel-Alignment-Machine-2-Post_1601034286452.html,https://s.alicdn.com/@sc04/kf/H729360c4eee24391a8e5a77e2d93d4627/Computerized-Wheel-Alignment-Machine-2-Post-Car.jpg,
320,Elevadores,Elevador de 2 postes,,"$1,239-1,304",1 set,,Italy Technology and Patent Car Wash Lifter Jack Lift Hydraulic 2 Post Lift,https://www.alibaba.com/product-detail/Italy-Technology-and-Patent-Car-Wash_1601022328096.html,https://s.alicdn.com/@sc04/kf/H20ad6dd1879c4a1b99b0e3f1610fefdb9/Italy-Technology-and-Patent-Car-Wash-Lifter.jpg,
321,Alineadoras 3D,Alineadora 3D · seguimiento automático,,"$2,800-2,900",1 set,,Auto Tracking 3D Four Wheel Alignment Car Wheel Aligner Machine,https://www.alibaba.com/product-detail/Auto-Tracking-3D-Four-Wheel-Alignment_1601018086806.html,https://s.alicdn.com/@sc04/kf/H4f7d496935ca4cfcb3cf2ef12c3bd052w/Auto-Tracking-3D-Four-Wheel-Alignment-Launch.jpg,
322,Alineadoras 3D,Alineadora 3D,,"$3,400-3,500",1 set,5,Diagnostic Machine for All Vehicles and 3D Wheel Alignment,https://www.alibaba.com/product-detail/Diagnostic-Machine-for-All-Vehicles-and_1601018142429.html,https://s.alicdn.com/@sc04/kf/Hb863be1e6a7a4ec8aee84d1063a1e031z/Diagnostic-Machine-for-All-Vehicles-and-3D.jpg,
323,Balanceadoras,Balanceadora de ruedas · automática,,$307-399,1 set,,XPROMISE Automatic Wheel Balancer Professional Wheel Balancer Machine Tyre Changer and Wheel Balancer,https://www.alibaba.com/product-detail/XPROMISE-Automatic-Wheel-Balancer-Professional-Wheel_1601001817252.html,https://s.alicdn.com/@sc04/kf/H046b25355c6f4eb4b68240882424c0b8U/XPROMISE-Automatic-Wheel-Balancer-Professional-Wheel-Balancer.jpg,
324,Alineadoras 3D,Alineadora 3D,,"$2,847-2,997",1 set,,Auto Wheel Alignment Economic Car Wheel Aligner XP-A8,https://www.alibaba.com/product-detail/Auto-Wheel-Alignment-Economic-Car-Wheel_1601009769230.html,https://s.alicdn.com/@sc04/kf/H6bd85bf5cad04d38b0001f1a6eec1541l/Auto-Wheel-Alignment-Economic-Car-Wheel-Aligner.jpg_480x480.jpg,
325,Alineadoras 3D,Alineadora 3D,,"$2,850-2,950",1 set,,Xpromise 3D Wheel Alignment Equipment for Car,https://www.alibaba.com/product-detail/Xpromise-3D-Wheel-Alignment-Equipment-for_1600997991324.html,https://s.alicdn.com/@sc04/kf/H2c5733f318a64606ba70b97ccbd082b8c/Xpromise-3D-Wheel-Alignment-Equipment-for-Car.jpg,
326,Alineadoras 3D,Alineadora 3D · con elevador de 4 postes,,"$2,847-2,997",1 set,,Automotive 3D Wheel Alignment for Car Workshop with Scissor Lift Four Post Lift Second Floor Rolling Jack,https://www.alibaba.com/product-detail/Automotive-3D-Wheel-Alignment-for-Car_10000014681490.html,https://s.alicdn.com/@sc04/kf/A6e3f06118ffb4428924cd4d719ccbd09g/Automotive-3D-Wheel-Alignment-for-Car-Workshop.jpg_480x480.jpg,
327,Alineadoras 3D,Alineadora 3D para camión y autobús,,"$13,653-14,372",1 set,,Heavy Duty Bus and Truck Wheel Aligner for Garage Equipment,https://www.alibaba.com/product-detail/Heavy-Duty-Bus-and-Truck-Wheel_1600988614850.html,https://s.alicdn.com/@sc04/kf/He33452a31e4745459de05ac4b3e9f05e8/Heavy-Duty-Bus-and-Truck-Wheel-Aligner.jpg,
328,Alineadoras 3D,Alineadora 3D para camión y autobús,,"$8,280-10,764",1 set,,Customized 3 Bridge and 2 Bridge Truck Car Workshop Precision Bus and Truck Wheel Alignment Machine,https://www.alibaba.com/product-detail/Customized-3-Bridge-and-2-Bridge_10000014449851.html,https://s.alicdn.com/@sc04/kf/A134b5ef5ddfc467c81c391cb43d66527f/Customized-3-Bridge-and-2-Bridge-Truck.jpg_480x480.jpg,
329,Elevadores,"Elevador móvil de 1 columna · 3,500 kg",,"$3,052-3,213",1 set,,3500kg Lifting Capacity Mobile Electrical Release 1 Post One Column Single Post Car Lift with CE,https://www.alibaba.com/product-detail/3500kg-Lifting-Capacity-Mobile-Electrical-Release_1600974155503.html,https://s.alicdn.com/@sc04/kf/H3c40f2b7d93141e79fbfb3f1462102e6J/3500kg-Lifting-Capacity-Mobile-Electrical-Release-1.jpg,
330,Elevadores,"Elevador móvil de 1 columna · 2,700 kg",,"$2,334-2,457",1 set,,Hydraulic Mobile Single Post Car Lift 2700kg Lifting Capacity for Workshop,https://www.alibaba.com/product-detail/Hydraulic-Mobile-Single-Post-Car-Lift_1600837413923.html,https://s.alicdn.com/@sc04/kf/H6ef322ad477c4c238c23ee8034fb5648y/Hydraulic-Mobile-Single-Post-Car-Lift-2700kg.jpg,
331,Alineadoras 3D,Alineadora 3D,,"$2,850-2,950",1 set,,Popular 3D Wheel Alignment with Touchless Wheel Alignment Equipment for Cars,https://www.alibaba.com/product-detail/Popular-3D-Wheel-Alignment-with-Touchless_1600951136404.html,https://s.alicdn.com/@sc04/kf/H1a2788227071450e98a4071426d7f82am/Popular-3D-Wheel-Alignment-with-Touchless-Wheel.jpg,
332,Elevadores,Elevador de 2 postes,,"$1,500-1,590",1 set,,Good Price From Factory Automotive Lifts for Sale Hydraulic Auto Lift Two Post Lift,https://www.alibaba.com/product-detail/Good-Price-From-Factory-Automotive-Lifts_1600950417155.html,https://s.alicdn.com/@sc04/kf/Hc6c72a3b90a84224bdb1082444532effg/Good-Price-From-Factory-Automotive-Lifts-for.jpg,
333,Alineadoras 3D,Alineadora 3D,,"$2,560-2,590",1 set,,Vehicle Garage Equipment and Tools Tire Changer and Wheel Alignment Clamp,https://www.alibaba.com/product-detail/Vehicle-Garage-Equipment-and-Tools-Tire_1600935015126.html,https://s.alicdn.com/@sc04/kf/H468d46ed803044f7997f8fc4469823272/Vehicle-Garage-Equipment-and-Tools-Tire-Changer.jpg,
334,Alineadoras 3D,Alineadora 3D,,"$2,276-2,640",1 set,,Customized Automatic Wheel Alignment Wheel Balancing and Alignment Equipment Car Wheel Alignment Machine,https://www.alibaba.com/product-detail/Customized-Automatic-Wheel-Alignment-Wheel-Balancing_10000013623487.html,https://s.alicdn.com/@sc04/kf/Acf1f20c4c3194c259fed78acfac6d0f3G/Customized-Automatic-Wheel-Alignment-Wheel-Balancing-and.jpg,
335,Alineadoras 3D,Alineadora 3D para camión y autobús,XP-A12,"$8,280-10,764",1 set,,XP-A12 3D Truck Wheel Alignment,https://www.alibaba.com/product-detail/XP-A12-3D-Truck-Wheel-Alignment_10000013646504.html,https://s.alicdn.com/@sc04/kf/A020d9df68e0741e6bc0abdd03fe3e7a2f/XP-A12-3D-Truck-Wheel-Alignment-Automatic.jpg,
336,Alineadoras 3D,Alineadora 3D para camión y autobús,XP-A12,"$8,280-10,764",1 set,,XPROMISE Truck Wheel Alignment Machine XP-A12 Auto Workshop Equipment,https://www.alibaba.com/product-detail/XPROMISE-Truck-Wheel-Alignment-Machine-XP_1600925122606.html,https://s.alicdn.com/@sc04/kf/Hccf1b4c84a5e42fe97c5cdb4c42f7c3fF/XPROMISE-Truck-Wheel-Alignment-Machine-XP-A12.jpg,
337,Alineadoras 3D,Alineadora 3D para camión y autobús,XP-A13,"$8,994-11,693",1 set,,XP-A13 Truck 3D Wheel Alignment Machine,https://www.alibaba.com/product-detail/XP-A13-Truck-3d-Wheel-Alignment_10000013437710.html,https://s.alicdn.com/@sc04/kf/A049806746250487eb13ab4f69a096343A/XP-A13-Truck-3d-Wheel-Alignment-Machine.jpg,
338,Alineadoras 3D,Alineadora 3D para camión y autobús,,"$7,823-10,170",1 set,,3D Truck Wheel Alignment Machine / Auto Garage Equipment,https://www.alibaba.com/product-detail/3d-Truck-Wheel-Alignment-Machine-auto_1600921529164.html,https://s.alicdn.com/@sc04/kf/Hb75a080c703e45eb84347643cd62d5e5s/3d-Truck-Wheel-Alignment-Machine-auto-Garage.jpg,
339,Alineadoras 3D,Alineadora 3D · con elevador de 4 postes,,"$2,041-2,368",1 set,,XPROMISE Car Wheel Aligner with Four Post Car Lift Combination for Vehicle Repair Workshop,https://www.alibaba.com/product-detail/XPROMISE-Car-Wheel-Aligner-with-Four_1600919276856.html,https://s.alicdn.com/@sc04/kf/H0b01cfa9b542404b904856be3d5bdf393/XPROMISE-Car-Wheel-Aligner-with-Four-Post.jpg,
340,Elevadores,Elevador de tijera · media altura,,"$1,000-1,100",1 piece,,Small Scissor Hydraulic Lift Car Lift Mobile Scissor Lift,https://www.alibaba.com/product-detail/Small-Scissor-Hydraulic-Lift-Car-Lift_1600914809539.html,https://s.alicdn.com/@sc04/kf/Hea8d38b44a1e45efaa711794c0388227u/Small-Scissor-Hydraulic-Lift-Car-Lift-Mobile.jpg,
341,"Gatos, herramientas y accesorios","Garras para alineadora 11""-25""",,$35-45,1 set,4,"New Style Wheel Alignment Machine Parts Car Clamp 3D Wheel Alignment Clamp 11""-25"" Rim Clamp",https://www.alibaba.com/product-detail/New-Style-Wheel-Alignment-Machine-Parts_1600908304060.html,https://s.alicdn.com/@sc04/kf/Ha175b6d861f6494e82b886a84a8dececb/New-Style-Wheel-Alignment-Machine-Parts-Car.jpg,
342,Elevadores,Elevador de tijera · ultradelgado,,"$1,831-1,928",1 piece,,XPROMISE CE Approved on Ground Super Thin Car Scissor Lift,https://www.alibaba.com/product-detail/XPROMISE-CE-Approved-on-Ground-Super_1600909225907.html,https://s.alicdn.com/@sc04/kf/Hb5372a217e3c47f5a7ba0bb0c0fbad625/XPROMISE-CE-Approved-on-Ground-Super-Thin.jpg,
343,Elevadores,Elevador de tijera · empotrado,,"$1,500-1,700",1 set,,Full Rise in Ground Double Scissor Pneumatic Release Drive Scissor Car Lift,https://www.alibaba.com/product-detail/Full-Rise-in-Ground-Double-Scissor_1600909217911.html,https://s.alicdn.com/@sc04/kf/H5bdaf61312c24d0f9da8cf72a0ef2693q/Full-Rise-in-Ground-Double-Scissor-Pneumatic.jpg,
344,Elevadores,Elevador de 2 postes,,"$1,400-1,450",1 set,,Hot Sales Car Elevator Lift Hydraulic Workshop 2 Post Car Lift Hoist 220V/380V,https://www.alibaba.com/product-detail/Hot-Sales-Car-Elevator-Lift-Hydraulic_10000013029916.html,https://s.alicdn.com/@sc04/kf/A0d9117c199a24d82adc8c7764ceb40589/Hot-Sales-Car-Elevator-Lift-Hydraulic-Workshop.jpg,
345,Alineadoras 3D,Alineadora 3D,,"$3,400-3,500",1 set,,3D Wheel Alignment Machine with Software + Camera + Target Board,https://www.alibaba.com/product-detail/3D-Wheel-Alignment-Machine-with-Software_1600897034040.html,https://s.alicdn.com/@sc04/kf/H5e94aabe64b24411b1e0016603074930B/3D-Wheel-Alignment-Machine-with-Software-Camera.jpg_480x480.jpg,
346,Alineadoras 3D,Alineadora 3D · con viga elevadora,,"$2,500-3,000",1 set,,4 Wheel Alignment for Car Aligner Service 3D Wheel Alignment Machine with Lifting Beam,https://www.alibaba.com/product-detail/4-Wheel-Alignment-for-Car-Aligner_1600896987042.html,https://s.alicdn.com/@sc04/kf/H4e3267b2e6a240ae96d9de93f14f6689K/4-Wheel-Alignment-for-Car-Aligner-Service.jpg,
347,Alineadoras 3D,Alineadora 3D para camión y autobús · seguimiento automático,,"$11,000-11,500",1 set,,Auto Tracking Camera 3D Wheel Aligner for Car and Truck Four Wheel Alignment Equipment,https://www.alibaba.com/product-detail/Auto-Tracking-Camera-3D-Wheel-Aligner_1600829816107.html,https://s.alicdn.com/@sc04/kf/H52ad323463a540d89399e8c8531c1575x/Auto-Tracking-Camera-3D-Wheel-Aligner-for.jpg,
348,Alineadoras 3D,Alineadora 3D para camión y autobús,,"$11,903-12,529",1 set,,Heavy Duty Truck Trailer Bus Wheel Alignment Big Truck Use 600MP Camera,https://www.alibaba.com/product-detail/Heavy-Duty-Truck-Trailer-Bus-Wheel_10000012900153.html,https://s.alicdn.com/@sc04/kf/A1d66f54b467145949669b7aa99118dc1c/Heavy-Duty-Truck-Trailer-Bus-Wheel-Alignment.jpg_480x480.jpg,
349,Vulcanizadoras,Vulcanizadora · para camión,,$82-86,1 set,,High Quality Large Truck Vulcanizing Tire Patches Equipment Vulcanizing Machine,https://www.alibaba.com/product-detail/2022-Hot-Deals-High-Quality-Custom_1600572009736.html,https://s.alicdn.com/@sc04/kf/Hccb24213210b4bd6a0eb752b88faf9bcf/2022-Hot-Deals-High-Quality-Custom-Design.jpg_480x480.jpg,
350,Vulcanizadoras,Vulcanizadora · temperatura regulable,,$204-215,1 set,,Vulcanizing Tire Patch Machine Multi Function Adjustable Temperature Car Tire Repair Vulcanizer,https://www.alibaba.com/product-detail/Vulcanizing-Tire-Patch-Machine-Multi-Functiontire_1600574342201.html,https://s.alicdn.com/@sc04/kf/Hac2e9b316b62471ebe94b3586da4e7a93/Vulcanizing-Tire-Patch-Machine-Multi-Functiontire-Adjust.jpg,
351,Vulcanizadoras,Vulcanizadora · temperatura regulable,,$26-28,1 set,,Work Shop Tools Car Tube Repair Tire Vulcanizing Machine Temperature Adjustment Tire Repair Vulcanizer,https://www.alibaba.com/product-detail/Work-Shop-Tools-Car-Tube-Repair_1600573579175.html,https://s.alicdn.com/@sc04/kf/Hab051b8834794295a749e512979818f2P/Work-Shop-Tools-Car-Tube-Repair-Tire.jpg,
352,Vulcanizadoras,Vulcanizadora · temperatura regulable,,$82-86,1 set,,Multi Function Adjust Temperature Car Tire Repair Vulcanizer Curved Bow Vulcanizer Wheel Vulcanizer,https://www.alibaba.com/product-detail/Multi-Functiontire-Adjust-Temperature-Car-Tire_1600572523156.html,https://s.alicdn.com/@sc04/kf/Hb9a33273a50c43df99d9c9d9134512f3L/Multi-Functiontire-Adjust-Temperature-Car-Tire-Repair.jpg,
353,Desmontadoras de llantas,Desmontadora de llantas · automática,,$579-609,1 set,,New Style Cheap Automatic Tire Repair Machine Wheel Changer Tire Changing Machine Automatic Tyre Changer,https://www.alibaba.com/product-detail/New-Style-Cheap-Automatic-Tire-Repair_1600562205661.html,https://s.alicdn.com/@sc04/kf/He47456ebc1304f01bd60b53ad455e64aO/New-Style-Cheap-Automatic-Tire-Repair-Machine.jpg,
354,Balanceadoras,Balanceadora de ruedas para camión y auto,,"$1,250",1 set,,High Quality Truck Wheel Balance / Bus Wheel Balancing Machine / Truck Tire Balancing Machine,https://www.alibaba.com/product-detail/High-Quality-Truck-Wheel-Balance-Bus_1600876361385.html,https://s.alicdn.com/@sc04/kf/Hb19dc3e4188a40d79dfe2746a53112cbF/High-Quality-Truck-Wheel-Balance-Bus-Wheel.jpg_480x480.jpg,
355,Elevadores,Elevador de 2 postes · con placa base,,"$1,185-1,247",1 set,1,Base Plate 2 Post Hydraulic Car Lift / Two Post Auto Lift / 2 Column Lifter,https://www.alibaba.com/product-detail/Lifting-Capacity-Base-Plate-2-Post_1600509367035.html,https://s.alicdn.com/@sc04/kf/H53ab9bf133d74a54a926d36137838b216/Lifting-Capacity-Base-Plate-2-Post-Hydraulic.jpg,
356,Vulcanizadoras,Vulcanizadora · temperatura regulable,,$187-197,1 set,,Tire Repair Vulcanizing Machine Temperature Regulating Vulcanizer Tubeless Tyre Puncture Machine,https://www.alibaba.com/product-detail/Tire-Repair-Vulcanizing-Machine-Temperature-Regulating_1600837586890.html,https://s.alicdn.com/@sc04/kf/H2fca5139bdf943ada56da93ae139546ct/Tire-Repair-Vulcanizing-Machine-Temperature-Regulating-Vulcanizer.jpg,
357,Alineadoras 3D,Alineadora 3D,,"$2,650-2,750",1 set,,3D Wheel Alignment Machine Workshop Garage Equipment XP-A6,https://www.alibaba.com/product-detail/3D-Wheel-Alignment-Machine-Workshop-Garage_1600549691173.html,https://s.alicdn.com/@sc04/kf/H03a8214a60ec4796ac1b89c2b438a568o/3D-Wheel-Alignment-Machine-Workshop-Garage-Equipment.jpg,
358,Desmontadoras de llantas,Desmontadora de llantas · automática,,$806-849,1 piece,,China Manufacturer Automatic Tire Changer and Wheel Balancing Machine Combo,https://www.alibaba.com/product-detail/China-Manufacturer-Automatic-Tire-Changer-and_1600869302621.html,https://s.alicdn.com/@sc04/kf/H75b366ae635043cf9e9fca9fd5419178M/China-Manufacturer-Automatic-Tire-Changer-and-Wheel.jpg,
359,Desmontadoras de llantas,"Desmontadora de llantas · automática, sin palanca",,"$1,185-1,247",1 set,,Custom Full Automatic Leverless Tyre Changing Machine Tyre Changer Machine,https://www.alibaba.com/product-detail/Custom-Full-Automatic-Leverless-Tyre-Changing_1600869153905.html,https://s.alicdn.com/@sc04/kf/H5af037da42604976a6066e59b551333b4/Custom-Full-Automatic-Leverless-Tyre-Changing-Machine.jpg,
360,Desmontadoras de llantas,Desmontadora de llantas · semiautomática,,$677-715,1 set,,Factory Price Tyre Changing Repairing Semi Automatic Tire Changer Machine,https://www.alibaba.com/product-detail/Factory-Price-Tyre-Changing-Repairing-Semi_1600863336339.html,https://s.alicdn.com/@sc04/kf/H9857763b90a0449fb9b541b76e7488b3z/Factory-Price-Tyre-Changing-Repairing-Semi-Automatic.jpg,
361,Desmontadoras de llantas,Desmontadora de llantas para moto · automática,,$482-491,1 set,,Customized Color Automatic Tire Changer Combo Set Tire Service Solution Motorcycle Tire Changer,https://www.alibaba.com/product-detail/Customized-Color-Car-Wheel-Changing-Automatic_1600425837186.html,https://s.alicdn.com/@sc04/kf/H2863848b93ee4d39aa46a0880499db09g/Customized-Color-Car-Wheel-Changing-Automatic-Tire.jpg_480x480.jpg,
362,Alineadoras 3D,Alineadora 3D · doble pantalla,,"$2,850-2,950",1 set,,Xpromise 3D Wheel Alignment Machine With 2 Monitors XP-A9,https://www.alibaba.com/product-detail/Xpromise-3D-Wheel-Alignment-Machine-With_1600541333848.html,https://s.alicdn.com/@sc04/kf/H016df2bc0c8141719a4ea4c704708a30H/Xpromise-3D-Wheel-Alignment-Machine-With-2.jpg,
363,Vulcanizadoras,Prensa vulcanizadora para parches,,$40-60,1 set,,CE Approved Hydraulic Pressure Rubber Tyre Curing Press Vulcanizer,https://www.alibaba.com/product-detail/CE-Approved-Hydraulic-Pressure-Rubber-Tyre_1600846872799.html,https://s.alicdn.com/@sc04/kf/H18994ba71aa54a3a94a27fce7c855252w/CE-Approved-Hydraulic-Pressure-Rubber-Tyre-Curing.jpg_480x480.jpg,
364,Desmontadoras de llantas,Desmontadora de llantas,,$580-650,1 set,,"10""-24"" Tyre Repair Equipment Tyre Changer",https://www.alibaba.com/product-detail/China-Products-suppliers-10-24-Tyre_1600838393554.html,https://s.alicdn.com/@sc04/kf/Hb4fcfef2157247bea92f5e663fc57abfw/China-Products-suppliers-10-24-Tyre-Repair.jpg,
365,Alineadoras 3D,Alineadora 3D,,"$2,850-2,950",1 set,,High Accuracy Xpromise 3D Car Wheel Alignment Machine XP-A9,https://www.alibaba.com/product-detail/High-Accuracy-Xpromise-3D-Car-Wheel_1600812481440.html,https://s.alicdn.com/@sc04/kf/Hce1b3b9e4d6449ad87010b634a3c8b614/High-Accuracy-Xpromise-3D-Car-Wheel-Alignment.jpg,
366,Desmontadoras de llantas,Desmontadora de llantas para camión · automática,,"$6,500-6,843",1 set,,Customized Automatic Truck Tire Changer,https://www.alibaba.com/product-detail/Customized-Automatic-Truck-Tire-Changer-Truck_1600598123341.html,https://s.alicdn.com/@sc04/kf/H245303729e8f4006ae91353616f5ed9af/Customized-Automatic-Truck-Tire-Changer-Truck.jpg,
367,"Fluidos, A/C y limpieza",Limpiadora de sistema de enfriamiento,,$288-303,1 set,,Automatic Cooling System Flush Machine for Car Engine Flush Cleaning Machine,https://www.alibaba.com/product-detail/Automatic-Cooling-System-Flush-Machine-for_1600713548862.html,https://s.alicdn.com/@sc04/kf/H0307c45a5a814b7eab743be87869ad0bF/Automatic-Cooling-System-Flush-Machine-for-Car.jpg_480x480.jpg,
368,"Fluidos, A/C y limpieza",Cambiadora de líquido de frenos,,$288-303,1 set,,Brake Fluid Exchanger Automobile Brake Oil Change Machine,https://www.alibaba.com/product-detail/Yantai-Brake-Fluid-Exchanger-Automobile-Brake_1600713579456.html,https://s.alicdn.com/@sc04/kf/H45e5a77b3edd405e850b768356f0a1fdH/Yantai-Brake-Fluid-Exchanger-Automobile-Brake-Oil.jpg_480x480.jpg,
369,Alineadoras 3D,Alineadora 3D · manual,,"$2,800-3,000",1 piece,,Xpromise Manual 3D Wheel Alignment Machines Auto Repair Equipment,https://www.alibaba.com/product-detail/Xpromise-Manual-3D-Wheel-Alignment-Machines_1600344497026.html,https://s.alicdn.com/@sc04/kf/Hdbc4d3810ece4e028c46ed971e11edech/Xpromise-Manual-3D-Wheel-Alignment-Machines-Auto.jpg_480x480.jpg,
370,"Fluidos, A/C y limpieza",Limpiadora de inyectores,,$58-61,5 sets,,AUTOOL C100 CFS Series Fuel System On-Vehicle Fuel Injector Cleaner 600ML 140PSI,https://www.alibaba.com/product-detail/AUTOOL-C100-CFS-Series-Fuel-System_1600570181434.html,https://s.alicdn.com/@sc04/kf/Hcf5585e8989e4e72aefc5b5d4ce48d62k/AUTOOL-C100-CFS-Series-Fuel-System-On.jpg_480x480.jpg,
371,"Fluidos, A/C y limpieza",Extractor neumático de aceite,,$125-132,1 set,,Pneumatic Waste Oil Extractor,https://www.alibaba.com/product-detail/High-Quality-Vehicle-Tools-Other-Vehicle_1600588042162.html,https://s.alicdn.com/@sc04/kf/Hea2405299fd94af2ab8fe79f043fd59cU/High-Quality-Vehicle-Tools-Other-Vehicle-Equipment.jpg_480x480.jpg,
372,Vulcanizadoras,Vulcanizadora,,$816-859,1 set,,Tire Repair Machine Vehicle Tire Repair Vulcanizer Tire Vulcanizing Tool,https://www.alibaba.com/product-detail/Style-Tire-Repair-Machine-Vehicle-Tire_1600576698742.html,https://s.alicdn.com/@sc04/kf/H17f846a7ea174481a5fe8d59e27fe139M/Style-Tire-Repair-Machine-Vehicle-Tire-Repair.jpg_480x480.jpg,
373,Desmontadoras de llantas,Desmontadora de llantas · automática,,$895-942,1 set,,Garage Equipment Auto Tire Repair Service Machine Automatic Tyre Changer,https://www.alibaba.com/product-detail/Garage-Equipment-Auto-Tire-Repair-Service_1600563899281.html,https://s.alicdn.com/@sc04/kf/Hc4c6596d434f48908b083103dee18c35S/Garage-Equipment-Auto-Tire-Repair-Service-Machine.jpg_480x480.jpg,
374,Elevadores,Elevador de 2 postes · estacionamiento,,"$2,600",1 unit,,2 Post Hydraulic Parking System Double Stacker Vertical Car Parking Lift,https://www.alibaba.com/product-detail/Mutrade-2-Post-Hydraulic-Parking-System_1600515437175.html,https://s.alicdn.com/@sc04/kf/H7f65811314a845488c4e715bb8aecb72L/Mutrade-2-Post-Hydraulic-Parking-System-Simple.jpg_480x480.jpg,
375,Balanceadoras,Balanceadora de ruedas · manual,,"$1,599",1 set,,Hot Selling High Quality Manual Wheel Balancer,https://www.alibaba.com/product-detail/Hot-Selling-High-Quality-Manual-Wheel_1600379804626.html,https://s.alicdn.com/@sc04/kf/H2190eb03cac44254ae5150ebffbd6666W/Hot-Selling-High-Quality-Manual-Wheel-Balancer.jpg_480x480.jpg,
376,Desmontadoras de llantas,Desmontadora de llantas para camión · brazo oscilante,,"$1,070-1,126",1 set,,CE Approved 220V/380V/415V Heavy Duty Touchless/Swing Arm Vertical Truck Tyre Changer,https://www.alibaba.com/product-detail/CE-Approved-220v380v415v-Heavy-Duty-Touchless_1600426632721.html,https://s.alicdn.com/@sc04/kf/Hf2cc8a5c6e2a4a9790f611f9e601a72aO/CE-Approved-220v380v415v-Heavy-Duty-Touchless-Swing.jpg_480x480.jpg,
377,Desmontadoras de llantas,Desmontadora de llantas,,$658-693,1 set,,XPROMISE Tyre Changer Machine Wheel Balancer Garage Equipment,https://www.alibaba.com/product-detail/XPROMISE-Tyre-Changer-Machine-Wheel-Balancer_1600597942995.html,https://s.alicdn.com/@sc04/kf/H0ae827ed094449749bc6ca9ff2882c57N/XPROMISE-Tyre-Changer-Machine-Wheel-Balancer-Garage.jpg_480x480.jpg,
378,Desmontadoras de llantas,Desmontadora de llantas,,"$1,185-1,247",1 set,,High Quality Larger and Thicker Turntable Tire Changing Machine,https://www.alibaba.com/product-detail/High-Quality-Larger-and-Thicker-Turntable_1600597996747.html,https://s.alicdn.com/@sc04/kf/H0860165c190345cc88011e26e08ff141e/High-Quality-Larger-and-Thicker-Turntable-Tire.jpg_480x480.jpg,
379,Elevadores,Columnas elevadoras para camión y autobús,,"$8,528-8,976",1 set,,Heavy Duty Column Lift CE Certified Bus/Truck Lift,https://www.alibaba.com/product-detail/Heavy-Duty-Column-Lift-CE-Certified_1600440532934.html,https://s.alicdn.com/@sc04/kf/He9383d5044f940459d0b1eb0ed6213096/Heavy-Duty-Column-Lift-CE-Certified-Bus.jpg_480x480.jpg,
380,Elevadores,Elevador de 2 postes,,"$1,222-1,247",1 set,,Heavy Duty Certified Car Lift 2 Post Car Platform Lift,https://www.alibaba.com/product-detail/Heavy-Duty-ali-Certified-Car-Lift_1600400140313.html,https://s.alicdn.com/@sc04/kf/H135a5070dbbb4da4be4027c78e230f661/Heavy-Duty-ali-Certified-Car-Lift-2.jpg_480x480.jpg,
381,Desmontadoras de llantas,Desmontadora de llantas para camión · brazo oscilante,,"$3,209-3,378",1 set,,Heavy Duty Truck Tyre 14-26 Inch Swing Arm Tire Changer,https://www.alibaba.com/product-detail/Heavy-Duty-Truck-Tyre-14-26_1600598245548.html,https://s.alicdn.com/@sc04/kf/H002c1a078d3d44cb8c19be282829b071a/Heavy-Duty-Truck-Tyre-14-26-Inch.jpg_480x480.jpg,
382,Elevadores,Columnas elevadoras para camión y autobús,,"$4,991-5,254",1 set,,DC 24V Heavy Duty Column Lift Bus/Truck Lift With CE,https://www.alibaba.com/product-detail/DC-24V-Heavy-Duty-Column-Lift_1600440626054.html,https://s.alicdn.com/@sc04/kf/H26046e27e6ea480d902dbf44d0dd2e2bN/DC-24V-Heavy-Duty-Column-Lift-Bus.jpg_480x480.jpg,
383,Elevadores,Elevador de 4 postes · estacionamiento,,"$3,244-3,415",1 set,,3m x 6m Electric Four Post Hydraulic Car Lift Platform / Vertical Parking Lift,https://www.alibaba.com/product-detail/XP-Sell-Well-3m-6m-Electric_1600317578738.html,https://s.alicdn.com/@sc04/kf/H0be25d35b62c46e0a2625bb717a00d05O/XP-Sell-Well-3m-6m-Electric-Four.jpg_480x480.jpg,
384,Elevadores,Elevador de 4 postes · estacionamiento,,"$2,921-3,075",1 set,,Four Post Hydraulic Car Lift with Second Jack / Four Post Parking Car Lift,https://www.alibaba.com/product-detail/Four-Post-Car-Lift-Garage-Equipment_1600317760115.html,https://s.alicdn.com/@sc04/kf/H6296035c52444b97af6aa95e04ddb0ffi/Four-Post-Car-Lift-Garage-Equipment-Four.jpg_480x480.jpg,
385,Alineadoras 3D,Alineadora 3D,,"$3,228",1 set,,5D Car Four Wheel Aligner 3D Wheel Alignment Machine with CE & ISO Certificate,https://www.alibaba.com/product-detail/2022-HOT-Car-5D-Car-Four_1600431759606.html,https://s.alicdn.com/@sc04/kf/H91c40e68f0a74fb29ec7c5f4deee8a19K/2022-HOT-Car-5D-Car-Four-Wheel.jpg,
386,Elevadores,"Elevador de 4 postes · para alineación, estacionamiento",,"$2,783-2,929",1 set,,Four Post Car Lift Height Adjustable Hydraulic Elevator with Alignment Jack / Parking Lift,https://www.alibaba.com/product-detail/Four-Post-Car-Lift-Height-Adjustable_1600317549883.html,https://s.alicdn.com/@sc04/kf/Hf79f94ef9b984b23a18050b13fc3c6d0b/Four-Post-Car-Lift-Height-Adjustable-Hydraulic.jpg,
387,"Gatos, herramientas y accesorios",Rampas hidráulicas,,$55-85,50 sets,,Double Cylinder Hydraulic Lift Vehicle Car Ramps Lift Stand,https://www.alibaba.com/product-detail/High-Quality-Customization-Double-Cylinder-Hydraulic_1600613888149.html,https://s.alicdn.com/@sc04/kf/H7d2ad0af870347d3ab575b1a4a4ea478N/High-Quality-Customization-Double-Cylinder-Hydraulic-Lift.jpg_480x480.jpg,
388,"Fluidos, A/C y limpieza",Generador de nitrógeno para llantas,,$594-625,1 set,,Tire Inflator Nitrogen Generator Machine,https://www.alibaba.com/product-detail/Factory-Customized-Long-Service-Life-Tire_1600579996115.html,https://s.alicdn.com/@sc04/kf/Hb29d8fe9bd594cc4a3afe49656dfaaf8a/Factory-Customized-Long-Service-Life-Tire-Inflator.jpg_480x480.jpg,
389,Tornos de frenos,Torno de frenos (discos y tambores),,"$1,588-1,671",1 set,,Brake Drum & Disc Lathe Machine,https://www.alibaba.com/product-detail/Rake-Drum-Disc-Lathe-for-Making_1600587594981.html,https://s.alicdn.com/@sc04/kf/H866a4265a35d424abba85adbfb1ec185m/Rake-Drum-Disc-Lathe-for-Making-Wheels.jpg_480x480.jpg,
390,"Fluidos, A/C y limpieza",Máquina de lavado de sistema A/C,HO-X520,"$2,678-2,819",1 set,,HO-X520 Fully Automatic A/C System Flushing and Cleaning Machine,https://www.alibaba.com/product-detail/New-Special-Design-HO-X520-Fully_1600583432692.html,https://s.alicdn.com/@sc04/kf/H4e04fdab23ab4d519f9b86eaee4a6640v/New-Special-Design-HO-X520-Fully-Automatic.jpg_480x480.jpg,
391,"Gatos, herramientas y accesorios",Gato de transmisión,,Precio a consultar,1 set,,1.5T Low Position Transmission Jack,https://www.alibaba.com/product-detail/1-5T-Low-Position-Transmission-Jack_1600581122851.html,https://s.alicdn.com/@sc04/kf/H836b8262262b4e41b3302f784929aa55c/1-5T-Low-Position-Transmission-Jack.jpg_480x480.jpg,
392,"Gatos, herramientas y accesorios",Grúa de taller 2000 lb,,Precio a consultar,1 set,,2000LBS Shop Crane with CE Approval,https://www.alibaba.com/product-detail/2000LBS-Fixing-Shop-Crane-with-CE_1600549877553.html,https://s.alicdn.com/@sc04/kf/H6c0d2730939f43239785afea8c5b79det/2000LBS-Fixing-Shop-Crane-with-CE-Approval.jpg_480x480.jpg,
393,"Gatos, herramientas y accesorios",Herramienta de reparación de llantas,,$28-30,1 set,,Professional Car Tyre Repair Machine Pneumatic Timing Tire Repair Machine,https://www.alibaba.com/product-detail/Professional-Supper-Car-Tyre-Repair-Machine_1600581119497.html,https://s.alicdn.com/@sc04/kf/H47b6e625427c482bb9e06da09ed795fcu/Professional-Supper-Car-Tyre-Repair-Machine-Pneumatic.jpg,
394,Vulcanizadoras,Vulcanizadora · para camión,,Precio a consultar,1 set,,Truck Tire Vulcanizer Vulcanize Machine for Tire Repairing,https://www.alibaba.com/product-detail/Manufacturer-Truck-Tire-Vulcanizer-Vulcanize-Machine_1600580023584.html,https://s.alicdn.com/@sc04/kf/H40d17dbb323340f0b234877edb535729W/Manufacturer-Truck-Tire-Vulcanizer-Vulcanize-Machine-for.jpg,
395,Vulcanizadoras,Vulcanizadora · temperatura regulable,SH-300,$472-497,1 set,30,Flat Vulcanizing Machine Multi Function Adjustable Temperature Car Tire Repair Vulcanizer,https://www.alibaba.com/product-detail/Bullet-Beer-Bottle-Opener-Flat-Vulcanizing_1600579873971.html,https://s.alicdn.com/@sc04/kf/H48102955fb694f5e8410315ce8b435ab2/Bullet-Beer-Bottle-Opener-Flat-Vulcanizing-Machine.jpg_480x480.jpg,"Modelo: SH-300 | Tipo: Vulcanizadora eléctrica de mesa | Voltaje: 220V | Potencia: 2 × 300 W | Tiempo de curado: 70-80 min | Temperatura de curado: 125 °C | Presión de aire: 2 kg/cm² | Área máx. de vulcanizado: 10 × 10 cm | Peso bruto: 49.5 kg | Medidas de empaque: 50×41×106 cm | Garantía: 36 meses | Origen: Shandong, China"
396,"Fluidos, A/C y limpieza",Recuperadora de refrigerante A/C,,$831-874,1 set,,High Performance Cylinder Refrigerant Recycling and Recovery Machine,https://www.alibaba.com/product-detail/New-Arrival-Durable-High-Performance-Cylinder_1600579829979.html,https://s.alicdn.com/@sc04/kf/H925020438f1a4c159aaf9a3df066600a8/New-Arrival-Durable-High-Performance-Cylinder-Refrigerant.jpg_480x480.jpg,
397,Vulcanizadoras,Vulcanizadora · temperatura regulable,,$816-859,1 set,,Car Tire Repair Vulcanizer Machine Multi Function Adjustable Temperature,https://www.alibaba.com/product-detail/Rubber-and-Tire-Machine-Slippers-Car_1600579816903.html,https://s.alicdn.com/@sc04/kf/Hdf8ce8c19c7345bbb06210099b1171e4b/Rubber-and-Tire-Machine-Slippers-Car-Tire.jpg_480x480.jpg,
398,"Fluidos, A/C y limpieza",Recuperadora de refrigerante A/C,,$633-667,1 set,,Refrigerant Recovery and Charging Machine A/C Service Station,https://www.alibaba.com/product-detail/High-Quality-Wholesale-Refrigerant-Recovery-and_1600579873776.html,https://s.alicdn.com/@sc04/kf/Ha1a7a3392c8c4901a78347a7f453569eS/High-Quality-Wholesale-Refrigerant-Recovery-and-Charging.jpg_480x480.jpg,
399,Vulcanizadoras,Prensa vulcanizadora para parches,,$125-131,1 set,,Hydraulic Press for Rubber Tire Patch / Tire Patch Vulcanizing Press,https://www.alibaba.com/product-detail/Hydraulic-Press-for-Rubber-Tire-Patch_1600579129463.html,https://s.alicdn.com/@sc04/kf/H5c7b946a923b46a5bc2678913d80eafdc/Hydraulic-Press-for-Rubber-Tire-Patch-Tire.jpg_480x480.jpg,
400,"Fluidos, A/C y limpieza",Cambiadora de aceite de transmisión (ATF),,$306-322,1 set,,Automatic Transmission ATF Changer Machine,https://www.alibaba.com/product-detail/2022-Excellent-Quality-Automatic-Transmission-Atf_1600578838377.html,https://s.alicdn.com/@sc04/kf/Hc46a3d51321141f7b3c1d98e3827c03cu/2022-Excellent-Quality-Automatic-Transmission-Atf-Changer.jpg_480x480.jpg,
401,"Fluidos, A/C y limpieza",Cambiadora de aceite de transmisión (ATF),,$394-415,1 set,,Automatic Fluid Oil Exchanger Transmission ATF Changer Machine,https://www.alibaba.com/product-detail/2022-New-Arrival-Automatic-Fluid-Oil_1600578863062.html,https://s.alicdn.com/@sc04/kf/H499ee5ddf28d452ab79a7beea6307019f/2022-New-Arrival-Automatic-Fluid-Oil-Exchanger.jpg_480x480.jpg,
402,"Gatos, herramientas y accesorios",Abridor de llantas manual,,$82-86,1 set,,Vertical Hand-Operated Tire Spreader Simple Tyre Expander,https://www.alibaba.com/product-detail/Vertical-Hand-Operated-Tire-Spreader-Simple_1600577929746.html,https://s.alicdn.com/@sc04/kf/H2aff99a81fb3465db213f95ddb4ab711V/Vertical-Hand-Operated-Tire-Spreader-Simple-Tyre.jpg_480x480.jpg,
403,Vulcanizadoras,Vulcanizadora · para camión,,"$1,074-1,130",1 set,,Vulcanizing Machine Tire Repair Tools Vulcanization Heating Truck Tyre Machine,https://www.alibaba.com/product-detail/Vulcanizing-Machine-Tire-Repair-Tools-Vulcanization_1600577922561.html,https://s.alicdn.com/@sc04/kf/Hcf2d8cb3bf0741398c75a6ce0fde596cB/Vulcanizing-Machine-Tire-Repair-Tools-Vulcanization-Heating.jpg_480x480.jpg,
404,Vulcanizadoras,Vulcanizadora · para camión,,$172-181,1 set,,Professional Truck Car Tire Vulcanizer Rubber Tyre Vulcanizer,https://www.alibaba.com/product-detail/Professional-Truck-Car-Tire-Vulcanizer-Rubber_1600574591457.html,https://s.alicdn.com/@sc04/kf/H5aca1c63e0de4fcfba96995f7855cab3a/Professional-Truck-Car-Tire-Vulcanizer-Rubber-Tyre.jpg,
405,Vulcanizadoras,Vulcanizadora · para camión,,$189-199,1 set,,Truck Tire Vulcanizer Vulcanize Machine for Car Tire Shop,https://www.alibaba.com/product-detail/Manufacturer-Truck-Tire-Vulcanizer-Vulcanize-Machine_1600577780686.html,https://s.alicdn.com/@sc04/kf/Hc0ebac9c148e49dc9c47355eed1ebc6aE/Manufacturer-Truck-Tire-Vulcanizer-Vulcanize-Machine-for.jpg,
406,"Gatos, herramientas y accesorios",Gato de transmisión,,Precio a consultar,1 set,,0.5T Hydraulic Transmission Jack Stand Gearbox Lifter,https://www.alibaba.com/product-detail/0-5T-Hydraulic-Transmission-Jack-Hydraulic_1600574495952.html,https://s.alicdn.com/@sc04/kf/Hbc2c17447576471996d4f62c4e6fcbf0s/0-5T-Hydraulic-Transmission-Jack-Hydraulic-Transmission.jpg_480x480.jpg,
407,Tornos de frenos,Torno de frenos (discos y tambores),,"$3,627-3,817",1 set,,Practical On-Car Brake Lathe for Car Disc,https://www.alibaba.com/product-detail/New-Special-Design-Practical-Auto-Pro_1600574324606.html,https://s.alicdn.com/@sc04/kf/H36f55a1947684a2db92a154d9f9db7ffz/New-Special-Design-Practical-Auto-Pro-up.jpg_480x480.jpg,
408,Vulcanizadoras,Vulcanizadora,,$61-64,1 set,,Car Tyre Repair Tools Tyre Reconditioning Machine Tire Repair Vulcanizer,https://www.alibaba.com/product-detail/Factory-Price-Car-Tyre-Repair-Tools_1600574383096.html,https://s.alicdn.com/@sc04/kf/Hba007de772c14837ba6ceadc3f9473532/Factory-Price-Car-Tyre-Repair-Tools-Yre.jpg,
409,Vulcanizadoras,Vulcanizadora · portátil,,$365-384,1 set,,Portable Car Tire Vulcanizer Tube Vulcanizing Machine,https://www.alibaba.com/product-detail/High-Quality-Portable-Car-Tire-Vulcanizer_1600574317447.html,https://s.alicdn.com/@sc04/kf/H7d93089b1d754d6c803e81b4e877d2f2P/High-Quality-Portable-Car-Tire-Vulcanizer-Work.jpg,
410,Vulcanizadoras,Vulcanizadora · para camión,,$365-384,1 set,,Electric Tube Tyre Repair Patch Machine / Tire Vulcanizer for Truck With CE,https://www.alibaba.com/product-detail/Electric-Tube-Tyre-Repair-Patch-Machine_1600573578899.html,https://s.alicdn.com/@sc04/kf/He58cf0e2c41b48ca8c38b29a7cff25acI/Electric-Tube-Tyre-Repair-Patch-Machine-Tire.jpg,
411,Vulcanizadoras,Vulcanizadora · para camión,,$24-26,1 set,,Electric Vulcanizer Tyre Vulcanizing Rubber Mold Truck Tire Repair Machine,https://www.alibaba.com/product-detail/Electric-Vulcanizer-Tyre-Vulcanizing-Price-Vulcanized_1600573124833.html,https://s.alicdn.com/@sc04/kf/H3ddc2a252be640f4abc9af1172d3a324b/Electric-Vulcanizer-Tyre-Vulcanizing-Price-Vulcanized-Rubber.jpg_480x480.jpg,
412,Vulcanizadoras,Vulcanizadora · para camión,,$187-197,1 set,,Customized Truck Tire Vulcanizer Machine,https://www.alibaba.com/product-detail/Customized-Tire-Vulcanizer-High-Quality-for_1600573052909.html,https://s.alicdn.com/@sc04/kf/Hf048c85a4f924dcb92eac83ee2ab13b19/Customized-Tire-Vulcanizer-High-Quality-for-Car.jpg_480x480.jpg,
413,Vulcanizadoras,Vulcanizadora · para camión,,$204-215,1 set,,Large Truck Tire Repair Vulcanizer Machine Vulcanizing Tire Equipment,https://www.alibaba.com/product-detail/High-Quality-Economic-Custom-Design-Precise_1600572152211.html,https://s.alicdn.com/@sc04/kf/Hcc636a79264a406fa571f88da956686eU/High-Quality-Economic-Custom-Design-Precise-Large.jpg,
414,Desmontadoras de llantas,Desmontadora de llantas · automática,,"$1,103-1,161",1 set,,CE Approved Automatic Tire Repair Machine Wheel Changer,https://www.alibaba.com/product-detail/Factory-Price-Hot-Sale-CE-Approved_1600561842829.html,https://s.alicdn.com/@sc04/kf/H320b534054334bec8719fab87ab70cc6k/Factory-Price-Hot-Sale-CE-Approved-Automatic.jpg,
415,Tornos de frenos,Torno de frenos (discos y tambores),,"$3,921-4,127",1 set,,Customized High Quality Brake Lathe,https://www.alibaba.com/product-detail/Customized-High-Quality-Brake-Lathe_1600500552184.html,https://s.alicdn.com/@sc04/kf/Hce42db9540bf419a8edde3b140196d2bp/Customized-High-Quality-Brake-Lathe.jpg_480x480.jpg,
416,Desmontadoras de llantas,Desmontadora de llantas,,$895-942,1 set,,Auto Tire Repair Service Machine Tire Changer Garage Equipment,https://www.alibaba.com/product-detail/Auto-Tire-Repair-Service-Machine-Changer_1600566891743.html,https://s.alicdn.com/@sc04/kf/Hacd66f14be734ebb80e790f418fa86324/Auto-Tire-Repair-Service-Machine-Changer-Tires.jpg_480x480.jpg,
417,"Gatos, herramientas y accesorios",Patín para mover vehículos (dolly),,Precio a consultar,1 set,1,12 Inch Wheel Dolly (Galvanized and Aluminium) Hydraulic Go Jack Wheel Dolly,https://www.alibaba.com/product-detail/12-Inches-Wheel-Dolly-Galvanized-and_1600561809917.html,https://s.alicdn.com/@sc04/kf/H43e568c2e3ff487da68a0eb42a2a5e573/12-Inches-Wheel-Dolly-Galvanized-and-Aluminium.jpg_480x480.jpg,
418,"Gatos, herramientas y accesorios",Patín para mover vehículos (dolly),,Precio a consultar,1 set,,9 Inch Car Dolly Wheel Moving Dolly Vehicle Positioning Jack,https://www.alibaba.com/product-detail/9-Inches-Car-Dolly-Car-Wheel_1600561804866.html,https://s.alicdn.com/@sc04/kf/Hb9381957e70f46a484b21b15383e06b1E/9-Inches-Car-Dolly-Car-Wheel-Moving.jpg_480x480.jpg,
419,"Gatos, herramientas y accesorios",Patín para mover vehículos (dolly),,Precio a consultar,1 set,,1500lbs Wheel Skate Dolly with 4 Swivel Castors Vehicle Positioning Jack,https://www.alibaba.com/product-detail/1500lbs-Wheel-Skate-Dolly-with-4_1600561892216.html,https://s.alicdn.com/@sc04/kf/H88f9f0e21f3c4256a9d27819994c1f40i/1500lbs-Wheel-Skate-Dolly-with-4-Swivel.jpg_480x480.jpg,
420,Elevadores,Elevador de 2 postes,,"$2,850-3,000",1 set,,Car Lift Auto Truck Hoist 2 Post Car Lift for Garage Workshop,https://www.alibaba.com/product-detail/Car-Lift-Auto-Truck-Hoist-2_1600554950035.html,https://s.alicdn.com/@sc04/kf/Hf8d88c7ab52c4f69b319f80a96a9e2db5/Car-Lift-Auto-Truck-Hoist-2-Post.jpg_480x480.jpg,
421,Combos desmontadora + balanceadora,Combo desmontadora + balanceadora,,"$1,509-1,588",1 unit,,Balancer Combo Semi Auto Tire Changing Machine Tire Changer,https://www.alibaba.com/product-detail/Car-Repair-Shop-Prices-for-Balancer_1600553636765.html,https://s.alicdn.com/@sc04/kf/Ha50039c9e5f44e99983a20a7dd0b6c90A/Car-Repair-Shop-Prices-for-Balancer-Combo.jpg_480x480.jpg,
422,"Gatos, herramientas y accesorios",Gato de transmisión,,Precio a consultar,1 set,,Low Transmission Lifting Jack,https://www.alibaba.com/product-detail/Factory-Supply-Car-Repair-Low-Transmission_1600549750744.html,https://s.alicdn.com/@sc04/kf/H0f572afb22704390aeac6bad45ed4450s/Factory-Supply-Car-Repair-Low-Transmission-Lifting.jpg_480x480.jpg,
423,"Gatos, herramientas y accesorios",Destalonador portátil,,"$1,185-1,247",1 set,,Bead Breaker Car/Motorcycle Manual Portable Tire Changer,https://www.alibaba.com/product-detail/Disassemble-Simple-and-Cheap-Car-Repair_1600535973915.html,https://s.alicdn.com/@sc04/kf/Hccb0b936923c4b4b9af23bf66a8e325cB/Disassemble-Simple-and-Cheap-Car-Repair-Machine.jpg_480x480.jpg,
424,Desmontadoras de llantas,Desmontadora de llantas · automática,,$757-797,1 set,,Vehicle Tire Repair Equipment Full Automatic Tire Changer Machine,https://www.alibaba.com/product-detail/Vehicle-Tire-Repair-Equipment-Tyre-Changing_1600534865858.html,https://s.alicdn.com/@sc04/kf/Hf776a2cb54694899a22b51e7bac2675cq/Vehicle-Tire-Repair-Equipment-Tyre-Changing-Full.jpg_480x480.jpg,
425,"Fluidos, A/C y limpieza",Cambiadora de aceite de transmisión (ATF),,"$1,138-1,198",1 set,,Automatic Transmission Fluid Oil Exchanger ATF Machine / Gearbox Cleaning,https://www.alibaba.com/product-detail/Factory-Price-Automatic-Auto-Transmission-Fluid_1600524496319.html,https://s.alicdn.com/@sc04/kf/H7d275adabde346948c55ce536a427899L/Factory-Price-Automatic-Auto-Transmission-Fluid-Oil.jpg_480x480.jpg,
426,"Fluidos, A/C y limpieza",Cambiadora de aceite de transmisión (ATF),,$831-874,1 set,,Auto Gearbox Flush Cleaning Machine Automatic Transmission Fluid Exchanger,https://www.alibaba.com/product-detail/Auto-Gearbox-Flush-Cleaning-Machine-Automatic_1600524472270.html,https://s.alicdn.com/@sc04/kf/H88f3cb4f52834d6482ccf1377cd179d1B/Auto-Gearbox-Flush-Cleaning-Machine-Automatic-Transmission.jpg_480x480.jpg,
427,"Fluidos, A/C y limpieza",Cambiadora de aceite de transmisión (ATF),,$525-552,1 set,,Auto Transmission Fluid Oil Exchanger Flush Cleaning Machine,https://www.alibaba.com/product-detail/Auto-Transmission-Fluid-Oil-Exchange-Exchanger_1600523530953.html,https://s.alicdn.com/@sc04/kf/Had1ff7d314e14bfd8760896646ff42baG/Auto-Transmission-Fluid-Oil-Exchange-Exchanger-Flush.jpg_480x480.jpg,
428,"Fluidos, A/C y limpieza",Limpiadora de inyectores,,$288-303,1 set,,2-Tank Fuel Injector Ultrasonic Cleaner & Tester,https://www.alibaba.com/product-detail/2-tank-Fuel-Injector-Ultrasonic-Cleaning_1600519344158.html,https://s.alicdn.com/@sc04/kf/H2d2558177b94474da027bf4f554ae2985/2-tank-Fuel-Injector-Ultrasonic-Cleaning-Cleaning.jpg_480x480.jpg,
429,Cabinas de pintura,Cabina de pintura,,"$5,000-6,000",1 set,,Spray Booth / Car Paint Booth / Car Painting Machine,https://www.alibaba.com/product-detail/Spray-Booth-Used-Accident-Cars-Paint_1600447551416.html,https://s.alicdn.com/@sc04/kf/He23f315cadf1433cb8b9bdb6e1c0c2e6U/Spray-Booth-Used-Accident-Cars-Paint-Booth.jpg_480x480.jpg,
430,Cabinas de pintura,Cabina de pintura · calefacción diésel,,"$6,000-8,000",1 set,,Auto Spray Booth / Diesel Heating Paint Oven / Vehicle Painting Room,https://www.alibaba.com/product-detail/Auto-Spray-Booths-Yantai-Xpromise-diesel_1600447587651.html,https://s.alicdn.com/@sc04/kf/H9835124c89874d92abf944c2bf3ad9843/Auto-Spray-Booths-Yantai-Xpromise-diesel-Car.jpg_480x480.jpg,
431,Desmontadoras de llantas,Desmontadora de llantas,,$395-899,1 set,,XP CE Garage Equipment Solution: Tire Changer and Balancer Combo,https://www.alibaba.com/product-detail/XP-CE-Wheel-Alignment-Garage-Equipment_1600350163572.html,https://s.alicdn.com/@sc04/kf/XP-CE-Wheel-Alignment-Garage-Equipment-Solution-Design-Tire-Service-Tools-Tire-Shop-Tire-Changer-and-Balancer-Combo.jpg_480x480.jpg,
